scenario-availability-5c6c94bb6-7spkn,1560705611676,1
scenario-availability-5c6c94bb6-7spkn,1560705613827,1
scenario-availability-5c6c94bb6-7spkn,1560705614831,1
scenario-availability-5c6c94bb6-7spkn,1560705615834,1
scenario-availability-5c6c94bb6-7spkn,1560705616839,1
scenario-availability-5c6c94bb6-7spkn,1560705617842,1
scenario-availability-5c6c94bb6-7spkn,1560705618848,1
scenario-availability-5c6c94bb6-7spkn,1560705619854,1
scenario-availability-5c6c94bb6-7spkn,1560705620857,1
scenario-availability-5c6c94bb6-7spkn,1560705621858,1
scenario-availability-5c6c94bb6-7spkn,1560705622967,1
scenario-availability-5c6c94bb6-7spkn,1560705623971,1
scenario-availability-5c6c94bb6-7spkn,1560705624976,1
scenario-availability-5c6c94bb6-7spkn,1560705625979,1
scenario-availability-5c6c94bb6-7spkn,1560705626983,1
scenario-availability-5c6c94bb6-7spkn,1560705627985,1
scenario-availability-5c6c94bb6-7spkn,1560705628986,1
scenario-availability-5c6c94bb6-7spkn,1560705629991,1
scenario-availability-5c6c94bb6-7spkn,1560705630996,1
scenario-availability-5c6c94bb6-7spkn,1560705631999,1
scenario-availability-5c6c94bb6-7spkn,1560705633004,1
scenario-availability-5c6c94bb6-7spkn,1560705634007,1
scenario-availability-5c6c94bb6-7spkn,1560705635010,1
scenario-availability-5c6c94bb6-7spkn,1560705636015,1
scenario-availability-5c6c94bb6-7spkn,1560705637017,1
scenario-availability-5c6c94bb6-7spkn,1560705638023,1
scenario-availability-5c6c94bb6-7spkn,1560705639027,1
scenario-availability-5c6c94bb6-7spkn,1560705640031,1
scenario-availability-5c6c94bb6-7spkn,1560705641036,1
scenario-availability-5c6c94bb6-7spkn,1560705642037,1
scenario-availability-5c6c94bb6-7spkn,1560705643041,1
scenario-availability-5c6c94bb6-7spkn,1560705644044,1
scenario-availability-5c6c94bb6-7spkn,1560705645047,1
scenario-availability-5c6c94bb6-7spkn,1560705646058,1
scenario-availability-5c6c94bb6-7spkn,1560705647063,1
scenario-availability-5c6c94bb6-7spkn,1560705648066,1
scenario-availability-5c6c94bb6-7spkn,1560705649071,1
scenario-availability-5c6c94bb6-7spkn,1560705650267,1
scenario-availability-5c6c94bb6-7spkn,1560705651269,1
scenario-availability-5c6c94bb6-7spkn,1560705652272,1
scenario-availability-5c6c94bb6-7spkn,1560705653277,1
scenario-availability-5c6c94bb6-7spkn,1560705654282,1
scenario-availability-5c6c94bb6-7spkn,1560705655283,1
scenario-availability-5c6c94bb6-7spkn,1560705656347,1
scenario-availability-5c6c94bb6-7spkn,1560705657352,1
scenario-availability-5c6c94bb6-7spkn,1560705658355,1
scenario-availability-5c6c94bb6-7spkn,1560705659357,1
scenario-availability-5c6c94bb6-7spkn,1560705660359,1
scenario-availability-5c6c94bb6-7spkn,1560705661363,1
scenario-availability-5c6c94bb6-7spkn,1560705662366,1
scenario-availability-5c6c94bb6-7spkn,1560705663371,1
scenario-availability-5c6c94bb6-7spkn,1560705664376,1
scenario-availability-5c6c94bb6-7spkn,1560705665541,1
scenario-availability-5c6c94bb6-7spkn,1560705666543,1
scenario-availability-5c6c94bb6-7spkn,1560705667545,1
scenario-availability-5c6c94bb6-7spkn,1560705668549,1
scenario-availability-5c6c94bb6-7spkn,1560705669564,1
scenario-availability-5c6c94bb6-7spkn,1560705670567,1
scenario-availability-5c6c94bb6-7spkn,1560705671570,1
scenario-availability-5c6c94bb6-7spkn,1560705672574,1
scenario-availability-5c6c94bb6-7spkn,1560705673585,1
scenario-availability-5c6c94bb6-7spkn,1560705674588,1
scenario-availability-5c6c94bb6-7spkn,1560705675591,1
scenario-availability-5c6c94bb6-7spkn,1560705676594,1
scenario-availability-5c6c94bb6-7spkn,1560705677596,1
scenario-availability-5c6c94bb6-7spkn,1560705678601,1
scenario-availability-5c6c94bb6-7spkn,1560705679606,0
scenario-availability-5c6c94bb6-7spkn,1560705680621,1
scenario-availability-5c6c94bb6-7spkn,1560705681625,1
scenario-availability-5c6c94bb6-7spkn,1560705682628,1
scenario-availability-5c6c94bb6-7spkn,1560705683632,1
scenario-availability-5c6c94bb6-7spkn,1560705684636,1
scenario-availability-5c6c94bb6-7spkn,1560705685638,1
scenario-availability-5c6c94bb6-7spkn,1560705686641,1
scenario-availability-5c6c94bb6-7spkn,1560705687646,0
scenario-availability-5c6c94bb6-7spkn,1560705688659,1
scenario-availability-5c6c94bb6-7spkn,1560705689661,1
scenario-availability-5c6c94bb6-7spkn,1560705690665,1
scenario-availability-5c6c94bb6-7spkn,1560705691669,1
scenario-availability-5c6c94bb6-7spkn,1560705692674,1
scenario-availability-5c6c94bb6-7spkn,1560705693759,0
scenario-availability-5c6c94bb6-7spkn,1560705694772,1
scenario-availability-5c6c94bb6-7spkn,1560705695777,0
scenario-availability-5c6c94bb6-7spkn,1560705696786,0
scenario-availability-5c6c94bb6-7spkn,1560705697805,1
scenario-availability-5c6c94bb6-7spkn,1560705698808,1
scenario-availability-5c6c94bb6-7spkn,1560705699812,0
scenario-availability-5c6c94bb6-7spkn,1560705700827,0
scenario-availability-5c6c94bb6-7spkn,1560705701846,1
scenario-availability-5c6c94bb6-7spkn,1560705702848,0
scenario-availability-5c6c94bb6-7spkn,1560705703859,1
scenario-availability-5c6c94bb6-7spkn,1560705704869,0
scenario-availability-5c6c94bb6-7spkn,1560705705896,1
scenario-availability-5c6c94bb6-7spkn,1560705706900,1
scenario-availability-5c6c94bb6-7spkn,1560705707901,1
scenario-availability-5c6c94bb6-7spkn,1560705708903,0
scenario-availability-5c6c94bb6-7spkn,1560705709916,0
scenario-availability-5c6c94bb6-7spkn,1560705710930,0
scenario-availability-5c6c94bb6-b2s7p,1560705610473,1
scenario-availability-5c6c94bb6-b2s7p,1560705611482,1
scenario-availability-5c6c94bb6-b2s7p,1560705612494,1
scenario-availability-5c6c94bb6-b2s7p,1560705613499,1
scenario-availability-5c6c94bb6-b2s7p,1560705614503,1
scenario-availability-5c6c94bb6-b2s7p,1560705615510,1
scenario-availability-5c6c94bb6-b2s7p,1560705616513,1
scenario-availability-5c6c94bb6-b2s7p,1560705617517,1
scenario-availability-5c6c94bb6-b2s7p,1560705618520,1
scenario-availability-5c6c94bb6-b2s7p,1560705619523,1
scenario-availability-5c6c94bb6-b2s7p,1560705620526,1
scenario-availability-5c6c94bb6-b2s7p,1560705621530,1
scenario-availability-5c6c94bb6-b2s7p,1560705622535,1
scenario-availability-5c6c94bb6-b2s7p,1560705623537,1
scenario-availability-5c6c94bb6-b2s7p,1560705624542,1
scenario-availability-5c6c94bb6-b2s7p,1560705625544,1
scenario-availability-5c6c94bb6-b2s7p,1560705626545,1
scenario-availability-5c6c94bb6-b2s7p,1560705627548,1
scenario-availability-5c6c94bb6-b2s7p,1560705628551,1
scenario-availability-5c6c94bb6-b2s7p,1560705629554,1
scenario-availability-5c6c94bb6-b2s7p,1560705630569,1
scenario-availability-5c6c94bb6-b2s7p,1560705631572,1
scenario-availability-5c6c94bb6-b2s7p,1560705632579,1
scenario-availability-5c6c94bb6-b2s7p,1560705633585,1
scenario-availability-5c6c94bb6-b2s7p,1560705634586,1
scenario-availability-5c6c94bb6-b2s7p,1560705635592,1
scenario-availability-5c6c94bb6-b2s7p,1560705636596,1
scenario-availability-5c6c94bb6-b2s7p,1560705637601,1
scenario-availability-5c6c94bb6-b2s7p,1560705638606,1
scenario-availability-5c6c94bb6-b2s7p,1560705639608,1
scenario-availability-5c6c94bb6-b2s7p,1560705640611,1
scenario-availability-5c6c94bb6-b2s7p,1560705641617,1
scenario-availability-5c6c94bb6-b2s7p,1560705642747,1
scenario-availability-5c6c94bb6-b2s7p,1560705643752,1
scenario-availability-5c6c94bb6-b2s7p,1560705644754,1
scenario-availability-5c6c94bb6-b2s7p,1560705645757,1
scenario-availability-5c6c94bb6-b2s7p,1560705646761,1
scenario-availability-5c6c94bb6-b2s7p,1560705647763,1
scenario-availability-5c6c94bb6-b2s7p,1560705648827,1
scenario-availability-5c6c94bb6-b2s7p,1560705649948,1
scenario-availability-5c6c94bb6-b2s7p,1560705650950,1
scenario-availability-5c6c94bb6-b2s7p,1560705651951,1
scenario-availability-5c6c94bb6-b2s7p,1560705652957,1
scenario-availability-5c6c94bb6-b2s7p,1560705653961,1
scenario-availability-5c6c94bb6-b2s7p,1560705654963,1
scenario-availability-5c6c94bb6-b2s7p,1560705656067,1
scenario-availability-5c6c94bb6-b2s7p,1560705657069,1
scenario-availability-5c6c94bb6-b2s7p,1560705658073,1
scenario-availability-5c6c94bb6-b2s7p,1560705659083,1
scenario-availability-5c6c94bb6-b2s7p,1560705660088,1
scenario-availability-5c6c94bb6-b2s7p,1560705661091,1
scenario-availability-5c6c94bb6-b2s7p,1560705662095,1
scenario-availability-5c6c94bb6-b2s7p,1560705663148,1
scenario-availability-5c6c94bb6-b2s7p,1560705664231,1
scenario-availability-5c6c94bb6-b2s7p,1560705665255,1
scenario-availability-5c6c94bb6-b2s7p,1560705666630,1
scenario-availability-5c6c94bb6-b2s7p,1560705667639,1
scenario-availability-5c6c94bb6-b2s7p,1560705668643,1
scenario-availability-5c6c94bb6-b2s7p,1560705669646,1
scenario-availability-5c6c94bb6-b2s7p,1560705670873,1
scenario-availability-5c6c94bb6-b2s7p,1560705672155,1
scenario-availability-5c6c94bb6-b2s7p,1560705673158,1
scenario-availability-5c6c94bb6-b2s7p,1560705674160,1
scenario-availability-5c6c94bb6-b2s7p,1560705675167,1
scenario-availability-5c6c94bb6-b2s7p,1560705676171,1
scenario-availability-5c6c94bb6-b2s7p,1560705677174,1
scenario-availability-5c6c94bb6-b2s7p,1560705678175,1
scenario-availability-5c6c94bb6-b2s7p,1560705679176,1
scenario-availability-5c6c94bb6-b2s7p,1560705680181,1
scenario-availability-5c6c94bb6-b2s7p,1560705681183,1
scenario-availability-5c6c94bb6-b2s7p,1560705682184,1
scenario-availability-5c6c94bb6-b2s7p,1560705683186,1
scenario-availability-5c6c94bb6-b2s7p,1560705684187,0
scenario-availability-5c6c94bb6-b2s7p,1560705685223,1
scenario-availability-5c6c94bb6-b2s7p,1560705686228,1
scenario-availability-5c6c94bb6-b2s7p,1560705687230,1
scenario-availability-5c6c94bb6-b2s7p,1560705688233,0
scenario-availability-5c6c94bb6-b2s7p,1560705689243,1
scenario-availability-5c6c94bb6-b2s7p,1560705690246,0
scenario-availability-5c6c94bb6-b2s7p,1560705691255,1
scenario-availability-5c6c94bb6-b2s7p,1560705692260,1
scenario-availability-5c6c94bb6-b2s7p,1560705693263,1
scenario-availability-5c6c94bb6-b2s7p,1560705694265,0
scenario-availability-5c6c94bb6-b2s7p,1560705695298,0
scenario-availability-5c6c94bb6-b2s7p,1560705696329,1
scenario-availability-5c6c94bb6-b2s7p,1560705697333,1
scenario-availability-5c6c94bb6-b2s7p,1560705698339,1
scenario-availability-5c6c94bb6-b2s7p,1560705699342,1
scenario-availability-5c6c94bb6-b2s7p,1560705700345,1
scenario-availability-5c6c94bb6-b2s7p,1560705701349,0
scenario-availability-5c6c94bb6-b2s7p,1560705702356,0
scenario-availability-5c6c94bb6-b2s7p,1560705703386,1
scenario-availability-5c6c94bb6-b2s7p,1560705704386,1
scenario-availability-5c6c94bb6-b2s7p,1560705705407,1
scenario-availability-5c6c94bb6-b2s7p,1560705706410,0
scenario-availability-5c6c94bb6-b2s7p,1560705707421,1
scenario-availability-5c6c94bb6-b2s7p,1560705708426,1
scenario-availability-5c6c94bb6-b2s7p,1560705709428,0
scenario-availability-5c6c94bb6-b2s7p,1560705710440,0
scenario-availability-5c6c94bb6-b2s7p,1560705711453,0
scenario-availability-5c6c94bb6-b2s7p,1560705712471,0
scenario-availability-5c6c94bb6-b2s7p,1560705713490,0
scenario-availability-5c6c94bb6-b2s7p,1560705714510,0
scenario-availability-5c6c94bb6-b2s7p,1560705715526,0
scenario-availability-5c6c94bb6-b2s7p,1560705716535,1
scenario-availability-5c6c94bb6-b2s7p,1560705717542,0
scenario-availability-5c6c94bb6-b2s7p,1560705718556,0
scenario-availability-5c6c94bb6-b2s7p,1560705719566,1
scenario-availability-5c6c94bb6-b2s7p,1560705720569,0
scenario-availability-5c6c94bb6-b2s7p,1560705721579,0
scenario-availability-5c6c94bb6-b2s7p,1560705722598,1
scenario-availability-5c6c94bb6-b2s7p,1560705723599,1
scenario-availability-5c6c94bb6-b2s7p,1560705724606,0
scenario-availability-5c6c94bb6-b2s7p,1560705725626,1
scenario-availability-5c6c94bb6-b2s7p,1560705726629,0
scenario-availability-5c6c94bb6-b2s7p,1560705727639,0
scenario-availability-5c6c94bb6-b2s7p,1560705728653,1
scenario-availability-5c6c94bb6-b2s7p,1560705729653,1
scenario-availability-5c6c94bb6-b2s7p,1560705730656,0
scenario-availability-5c6c94bb6-b2s7p,1560705731668,1
scenario-availability-5c6c94bb6-brz7r,1560705612434,1
scenario-availability-5c6c94bb6-brz7r,1560705613437,1
scenario-availability-5c6c94bb6-brz7r,1560705614439,1
scenario-availability-5c6c94bb6-brz7r,1560705615442,1
scenario-availability-5c6c94bb6-brz7r,1560705616446,1
scenario-availability-5c6c94bb6-brz7r,1560705617449,1
scenario-availability-5c6c94bb6-brz7r,1560705618454,1
scenario-availability-5c6c94bb6-brz7r,1560705619457,1
scenario-availability-5c6c94bb6-brz7r,1560705620459,1
scenario-availability-5c6c94bb6-brz7r,1560705621461,1
scenario-availability-5c6c94bb6-brz7r,1560705622464,1
scenario-availability-5c6c94bb6-brz7r,1560705623468,1
scenario-availability-5c6c94bb6-brz7r,1560705624471,1
scenario-availability-5c6c94bb6-brz7r,1560705625475,1
scenario-availability-5c6c94bb6-brz7r,1560705626477,1
scenario-availability-5c6c94bb6-brz7r,1560705627479,1
scenario-availability-5c6c94bb6-brz7r,1560705628484,1
scenario-availability-5c6c94bb6-brz7r,1560705629484,1
scenario-availability-5c6c94bb6-brz7r,1560705630488,1
scenario-availability-5c6c94bb6-brz7r,1560705631493,1
scenario-availability-5c6c94bb6-brz7r,1560705632497,1
scenario-availability-5c6c94bb6-brz7r,1560705633502,1
scenario-availability-5c6c94bb6-brz7r,1560705634507,1
scenario-availability-5c6c94bb6-brz7r,1560705635506,1
scenario-availability-5c6c94bb6-brz7r,1560705636510,1
scenario-availability-5c6c94bb6-brz7r,1560705637519,1
scenario-availability-5c6c94bb6-brz7r,1560705638521,1
scenario-availability-5c6c94bb6-brz7r,1560705639524,1
scenario-availability-5c6c94bb6-brz7r,1560705640528,1
scenario-availability-5c6c94bb6-brz7r,1560705641531,1
scenario-availability-5c6c94bb6-brz7r,1560705642742,1
scenario-availability-5c6c94bb6-brz7r,1560705643749,1
scenario-availability-5c6c94bb6-brz7r,1560705644752,1
scenario-availability-5c6c94bb6-brz7r,1560705645754,1
scenario-availability-5c6c94bb6-brz7r,1560705646757,1
scenario-availability-5c6c94bb6-brz7r,1560705647761,1
scenario-availability-5c6c94bb6-brz7r,1560705648827,1
scenario-availability-5c6c94bb6-brz7r,1560705649948,1
scenario-availability-5c6c94bb6-brz7r,1560705650953,1
scenario-availability-5c6c94bb6-brz7r,1560705652029,1
scenario-availability-5c6c94bb6-brz7r,1560705653031,1
scenario-availability-5c6c94bb6-brz7r,1560705654035,1
scenario-availability-5c6c94bb6-brz7r,1560705655041,1
scenario-availability-5c6c94bb6-brz7r,1560705656044,1
scenario-availability-5c6c94bb6-brz7r,1560705657053,1
scenario-availability-5c6c94bb6-brz7r,1560705658056,1
scenario-availability-5c6c94bb6-brz7r,1560705659076,1
scenario-availability-5c6c94bb6-brz7r,1560705660079,1
scenario-availability-5c6c94bb6-brz7r,1560705661082,1
scenario-availability-5c6c94bb6-brz7r,1560705662084,1
scenario-availability-5c6c94bb6-brz7r,1560705663086,1
scenario-availability-5c6c94bb6-brz7r,1560705664239,1
scenario-availability-5c6c94bb6-brz7r,1560705665255,1
scenario-availability-5c6c94bb6-brz7r,1560705666629,1
scenario-availability-5c6c94bb6-brz7r,1560705667639,1
scenario-availability-5c6c94bb6-brz7r,1560705668640,0
scenario-availability-5c6c94bb6-brz7r,1560705669642,1
scenario-availability-5c6c94bb6-brz7r,1560705670643,1
scenario-availability-5c6c94bb6-brz7r,1560705671644,1
scenario-availability-5c6c94bb6-brz7r,1560705672646,1
scenario-availability-5c6c94bb6-brz7r,1560705673651,1
scenario-availability-5c6c94bb6-brz7r,1560705674656,1
scenario-availability-5c6c94bb6-brz7r,1560705675659,0
scenario-availability-5c6c94bb6-brz7r,1560705676675,1
scenario-availability-5c6c94bb6-brz7r,1560705677677,1
scenario-availability-5c6c94bb6-brz7r,1560705678679,1
scenario-availability-5c6c94bb6-brz7r,1560705679683,1
scenario-availability-5c6c94bb6-brz7r,1560705680686,1
scenario-availability-5c6c94bb6-brz7r,1560705681690,0
scenario-availability-5c6c94bb6-brz7r,1560705682703,1
scenario-availability-5c6c94bb6-brz7r,1560705683706,0
scenario-availability-5c6c94bb6-brz7r,1560705684722,1
scenario-availability-5c6c94bb6-brz7r,1560705685725,0
scenario-availability-5c6c94bb6-brz7r,1560705686739,1
scenario-availability-5c6c94bb6-brz7r,1560705687741,1
scenario-availability-5c6c94bb6-brz7r,1560705688743,1
scenario-availability-5c6c94bb6-brz7r,1560705689746,1
scenario-availability-5c6c94bb6-brz7r,1560705690747,0
scenario-availability-5c6c94bb6-brz7r,1560705691765,1
scenario-availability-5c6c94bb6-brz7r,1560705692768,1
scenario-availability-5c6c94bb6-brz7r,1560705693774,1
scenario-availability-5c6c94bb6-brz7r,1560705694779,1
scenario-availability-5c6c94bb6-brz7r,1560705695786,1
scenario-availability-5c6c94bb6-brz7r,1560705696791,1
scenario-availability-5c6c94bb6-brz7r,1560705697797,1
scenario-availability-5c6c94bb6-brz7r,1560705698801,1
scenario-availability-5c6c94bb6-brz7r,1560705699805,1
scenario-availability-5c6c94bb6-brz7r,1560705700808,1
scenario-availability-5c6c94bb6-brz7r,1560705701817,1
scenario-availability-5c6c94bb6-brz7r,1560705702819,1
scenario-availability-5c6c94bb6-brz7r,1560705703820,1
scenario-availability-5c6c94bb6-brz7r,1560705704829,0
scenario-availability-5c6c94bb6-brz7r,1560705705854,0
scenario-availability-5c6c94bb6-brz7r,1560705706863,1
scenario-availability-5c6c94bb6-brz7r,1560705707865,0
scenario-availability-5c6c94bb6-brz7r,1560705708886,0
scenario-availability-5c6c94bb6-brz7r,1560705709899,0
scenario-availability-5c6c94bb6-brz7r,1560705710910,0
scenario-availability-5c6c94bb6-brz7r,1560705711921,0
scenario-availability-5c6c94bb6-brz7r,1560705712938,0
scenario-availability-5c6c94bb6-brz7r,1560705713951,0
scenario-availability-5c6c94bb6-brz7r,1560705714963,0
scenario-availability-5c6c94bb6-brz7r,1560705715980,1
scenario-availability-5c6c94bb6-brz7r,1560705716983,1
scenario-availability-5c6c94bb6-brz7r,1560705717986,1
scenario-availability-5c6c94bb6-brz7r,1560705718987,0
scenario-availability-5c6c94bb6-brz7r,1560705719998,1
scenario-availability-5c6c94bb6-brz7r,1560705720998,0
scenario-availability-5c6c94bb6-brz7r,1560705722008,0
scenario-availability-5c6c94bb6-brz7r,1560705723023,0
scenario-availability-5c6c94bb6-brz7r,1560705724042,0
scenario-availability-5c6c94bb6-brz7r,1560705725059,1
scenario-availability-5c6c94bb6-brz7r,1560705726063,0
scenario-availability-5c6c94bb6-brz7r,1560705727075,1
scenario-availability-5c6c94bb6-brz7r,1560705728078,0
scenario-availability-5c6c94bb6-brz7r,1560705729093,0
scenario-availability-5c6c94bb6-brz7r,1560705730108,1
scenario-availability-5c6c94bb6-brz7r,1560705731113,0
scenario-availability-5c6c94bb6-brz7r,1560705732126,0
scenario-availability-5c6c94bb6-f9cxc,1560705612445,1
scenario-availability-5c6c94bb6-f9cxc,1560705613448,1
scenario-availability-5c6c94bb6-f9cxc,1560705614451,1
scenario-availability-5c6c94bb6-f9cxc,1560705615455,1
scenario-availability-5c6c94bb6-f9cxc,1560705616459,1
scenario-availability-5c6c94bb6-f9cxc,1560705617465,1
scenario-availability-5c6c94bb6-f9cxc,1560705618467,1
scenario-availability-5c6c94bb6-f9cxc,1560705619473,1
scenario-availability-5c6c94bb6-f9cxc,1560705620476,1
scenario-availability-5c6c94bb6-f9cxc,1560705621479,1
scenario-availability-5c6c94bb6-f9cxc,1560705622483,1
scenario-availability-5c6c94bb6-f9cxc,1560705623486,1
scenario-availability-5c6c94bb6-f9cxc,1560705624490,1
scenario-availability-5c6c94bb6-f9cxc,1560705625493,1
scenario-availability-5c6c94bb6-f9cxc,1560705626496,1
scenario-availability-5c6c94bb6-f9cxc,1560705627503,1
scenario-availability-5c6c94bb6-f9cxc,1560705628505,1
scenario-availability-5c6c94bb6-f9cxc,1560705629508,1
scenario-availability-5c6c94bb6-f9cxc,1560705630520,1
scenario-availability-5c6c94bb6-f9cxc,1560705631523,1
scenario-availability-5c6c94bb6-f9cxc,1560705632529,1
scenario-availability-5c6c94bb6-f9cxc,1560705633533,1
scenario-availability-5c6c94bb6-f9cxc,1560705634536,1
scenario-availability-5c6c94bb6-f9cxc,1560705635539,1
scenario-availability-5c6c94bb6-f9cxc,1560705636568,1
scenario-availability-5c6c94bb6-f9cxc,1560705637571,1
scenario-availability-5c6c94bb6-f9cxc,1560705638575,1
scenario-availability-5c6c94bb6-f9cxc,1560705639577,1
scenario-availability-5c6c94bb6-f9cxc,1560705640579,1
scenario-availability-5c6c94bb6-f9cxc,1560705641581,1
scenario-availability-5c6c94bb6-f9cxc,1560705642747,1
scenario-availability-5c6c94bb6-f9cxc,1560705643751,1
scenario-availability-5c6c94bb6-f9cxc,1560705644754,1
scenario-availability-5c6c94bb6-f9cxc,1560705645757,1
scenario-availability-5c6c94bb6-f9cxc,1560705646759,1
scenario-availability-5c6c94bb6-f9cxc,1560705647761,1
scenario-availability-5c6c94bb6-f9cxc,1560705648827,1
scenario-availability-5c6c94bb6-f9cxc,1560705649832,1
scenario-availability-5c6c94bb6-f9cxc,1560705650835,1
scenario-availability-5c6c94bb6-f9cxc,1560705651837,1
scenario-availability-5c6c94bb6-f9cxc,1560705652841,1
scenario-availability-5c6c94bb6-f9cxc,1560705653845,1
scenario-availability-5c6c94bb6-f9cxc,1560705654848,1
scenario-availability-5c6c94bb6-f9cxc,1560705656067,1
scenario-availability-5c6c94bb6-f9cxc,1560705657069,1
scenario-availability-5c6c94bb6-f9cxc,1560705658073,1
scenario-availability-5c6c94bb6-f9cxc,1560705659085,1
scenario-availability-5c6c94bb6-f9cxc,1560705660088,1
scenario-availability-5c6c94bb6-f9cxc,1560705661089,1
scenario-availability-5c6c94bb6-f9cxc,1560705662095,1
scenario-availability-5c6c94bb6-f9cxc,1560705663148,1
scenario-availability-5c6c94bb6-f9cxc,1560705664150,1
scenario-availability-5c6c94bb6-f9cxc,1560705665153,1
scenario-availability-5c6c94bb6-f9cxc,1560705666159,1
scenario-availability-5c6c94bb6-f9cxc,1560705667161,1
scenario-availability-5c6c94bb6-f9cxc,1560705668163,1
scenario-availability-5c6c94bb6-f9cxc,1560705669170,1
scenario-availability-5c6c94bb6-f9cxc,1560705670179,1
scenario-availability-5c6c94bb6-f9cxc,1560705671187,1
scenario-availability-5c6c94bb6-f9cxc,1560705672188,1
scenario-availability-5c6c94bb6-f9cxc,1560705673191,1
scenario-availability-5c6c94bb6-f9cxc,1560705674199,1
scenario-availability-5c6c94bb6-f9cxc,1560705675204,0
scenario-availability-5c6c94bb6-f9cxc,1560705676228,0
scenario-availability-5c6c94bb6-f9cxc,1560705677252,1
scenario-availability-5c6c94bb6-f9cxc,1560705678257,1
scenario-availability-5c6c94bb6-f9cxc,1560705679263,1
scenario-availability-5c6c94bb6-f9cxc,1560705680267,1
scenario-availability-5c6c94bb6-f9cxc,1560705681272,1
scenario-availability-5c6c94bb6-f9cxc,1560705682276,1
scenario-availability-5c6c94bb6-f9cxc,1560705683278,1
scenario-availability-5c6c94bb6-f9cxc,1560705684282,1
scenario-availability-5c6c94bb6-f9cxc,1560705685288,1
scenario-availability-5c6c94bb6-f9cxc,1560705686293,0
scenario-availability-5c6c94bb6-f9cxc,1560705687324,1
scenario-availability-5c6c94bb6-f9cxc,1560705688329,1
scenario-availability-5c6c94bb6-f9cxc,1560705689353,1
scenario-availability-5c6c94bb6-f9cxc,1560705690357,1
scenario-availability-5c6c94bb6-f9cxc,1560705691361,1
scenario-availability-5c6c94bb6-f9cxc,1560705692365,1
scenario-availability-5c6c94bb6-f9cxc,1560705693646,0
scenario-availability-5c6c94bb6-f9cxc,1560705694668,0
scenario-availability-5c6c94bb6-f9cxc,1560705695684,1
scenario-availability-5c6c94bb6-f9cxc,1560705696689,1
scenario-availability-5c6c94bb6-f9cxc,1560705697695,1
scenario-availability-5c6c94bb6-f9cxc,1560705698696,1
scenario-availability-5c6c94bb6-f9cxc,1560705699699,1
scenario-availability-5c6c94bb6-f9cxc,1560705700703,0
scenario-availability-5c6c94bb6-f9cxc,1560705701710,1
scenario-availability-5c6c94bb6-f9cxc,1560705702717,1
scenario-availability-5c6c94bb6-f9cxc,1560705703719,1
scenario-availability-5c6c94bb6-f9cxc,1560705704720,1
scenario-availability-5c6c94bb6-f9cxc,1560705705727,0
scenario-availability-5c6c94bb6-f9cxc,1560705706741,1
scenario-availability-5c6c94bb6-f9cxc,1560705707743,1
scenario-availability-5c6c94bb6-f9cxc,1560705708745,1
scenario-availability-5c6c94bb6-f9cxc,1560705709748,0
scenario-availability-5c6c94bb6-f9cxc,1560705710764,1
scenario-availability-5c6c94bb6-f9cxc,1560705711770,1
scenario-availability-5c6c94bb6-f9cxc,1560705713609,0
scenario-availability-5c6c94bb6-f9cxc,1560705714619,1
scenario-availability-5c6c94bb6-f9cxc,1560705715621,1
scenario-availability-5c6c94bb6-f9cxc,1560705716624,0
scenario-availability-5c6c94bb6-f9cxc,1560705717641,0
scenario-availability-5c6c94bb6-f9cxc,1560705718653,0
scenario-availability-5c6c94bb6-f9cxc,1560705719669,0
scenario-availability-5c6c94bb6-f9cxc,1560705720685,1
scenario-availability-5c6c94bb6-f9cxc,1560705721687,1
scenario-availability-5c6c94bb6-f9cxc,1560705722690,0
scenario-availability-5c6c94bb6-f9cxc,1560705723706,1
scenario-availability-5c6c94bb6-f9cxc,1560705724708,1
scenario-availability-5c6c94bb6-f9cxc,1560705725711,0
scenario-availability-5c6c94bb6-f9cxc,1560705726725,0
scenario-availability-5c6c94bb6-f9cxc,1560705727734,0
scenario-availability-5c6c94bb6-f9cxc,1560705728744,0
scenario-availability-5c6c94bb6-f9cxc,1560705729756,0
scenario-availability-5c6c94bb6-f9cxc,1560705730766,1
scenario-availability-5c6c94bb6-f9cxc,1560705731772,1
scenario-availability-5c6c94bb6-ftfxn,1560705612293,1
scenario-availability-5c6c94bb6-ftfxn,1560705613827,1
scenario-availability-5c6c94bb6-ftfxn,1560705614831,1
scenario-availability-5c6c94bb6-ftfxn,1560705615834,1
scenario-availability-5c6c94bb6-ftfxn,1560705616839,1
scenario-availability-5c6c94bb6-ftfxn,1560705617841,1
scenario-availability-5c6c94bb6-ftfxn,1560705618848,1
scenario-availability-5c6c94bb6-ftfxn,1560705619854,1
scenario-availability-5c6c94bb6-ftfxn,1560705620857,1
scenario-availability-5c6c94bb6-ftfxn,1560705621863,1
scenario-availability-5c6c94bb6-ftfxn,1560705622969,1
scenario-availability-5c6c94bb6-ftfxn,1560705623974,1
scenario-availability-5c6c94bb6-ftfxn,1560705624979,1
scenario-availability-5c6c94bb6-ftfxn,1560705625983,1
scenario-availability-5c6c94bb6-ftfxn,1560705626988,1
scenario-availability-5c6c94bb6-ftfxn,1560705627994,1
scenario-availability-5c6c94bb6-ftfxn,1560705628999,1
scenario-availability-5c6c94bb6-ftfxn,1560705630005,1
scenario-availability-5c6c94bb6-ftfxn,1560705631009,1
scenario-availability-5c6c94bb6-ftfxn,1560705632019,1
scenario-availability-5c6c94bb6-ftfxn,1560705633022,1
scenario-availability-5c6c94bb6-ftfxn,1560705634025,1
scenario-availability-5c6c94bb6-ftfxn,1560705635031,1
scenario-availability-5c6c94bb6-ftfxn,1560705636034,1
scenario-availability-5c6c94bb6-ftfxn,1560705637037,1
scenario-availability-5c6c94bb6-ftfxn,1560705638042,1
scenario-availability-5c6c94bb6-ftfxn,1560705639045,1
scenario-availability-5c6c94bb6-ftfxn,1560705640053,1
scenario-availability-5c6c94bb6-ftfxn,1560705641059,1
scenario-availability-5c6c94bb6-ftfxn,1560705642063,1
scenario-availability-5c6c94bb6-ftfxn,1560705643068,1
scenario-availability-5c6c94bb6-ftfxn,1560705644072,1
scenario-availability-5c6c94bb6-ftfxn,1560705645077,1
scenario-availability-5c6c94bb6-ftfxn,1560705646081,1
scenario-availability-5c6c94bb6-ftfxn,1560705647082,1
scenario-availability-5c6c94bb6-ftfxn,1560705648083,1
scenario-availability-5c6c94bb6-ftfxn,1560705649089,1
scenario-availability-5c6c94bb6-ftfxn,1560705650092,1
scenario-availability-5c6c94bb6-ftfxn,1560705651095,1
scenario-availability-5c6c94bb6-ftfxn,1560705652099,1
scenario-availability-5c6c94bb6-ftfxn,1560705653105,1
scenario-availability-5c6c94bb6-ftfxn,1560705654106,1
scenario-availability-5c6c94bb6-ftfxn,1560705655106,1
scenario-availability-5c6c94bb6-ftfxn,1560705656343,1
scenario-availability-5c6c94bb6-ftfxn,1560705657348,1
scenario-availability-5c6c94bb6-ftfxn,1560705658351,1
scenario-availability-5c6c94bb6-ftfxn,1560705659355,1
scenario-availability-5c6c94bb6-ftfxn,1560705660359,1
scenario-availability-5c6c94bb6-ftfxn,1560705661363,1
scenario-availability-5c6c94bb6-ftfxn,1560705662366,1
scenario-availability-5c6c94bb6-ftfxn,1560705663368,1
scenario-availability-5c6c94bb6-ftfxn,1560705664619,1
scenario-availability-5c6c94bb6-ftfxn,1560705665623,1
scenario-availability-5c6c94bb6-ftfxn,1560705666630,1
scenario-availability-5c6c94bb6-ftfxn,1560705667639,1
scenario-availability-5c6c94bb6-ftfxn,1560705668643,1
scenario-availability-5c6c94bb6-ftfxn,1560705669646,1
scenario-availability-5c6c94bb6-ftfxn,1560705670872,1
scenario-availability-5c6c94bb6-ftfxn,1560705671874,1
scenario-availability-5c6c94bb6-ftfxn,1560705672879,1
scenario-availability-5c6c94bb6-ftfxn,1560705673884,1
scenario-availability-5c6c94bb6-ftfxn,1560705674887,1
scenario-availability-5c6c94bb6-ftfxn,1560705675892,0
scenario-availability-5c6c94bb6-ftfxn,1560705676904,0
scenario-availability-5c6c94bb6-ftfxn,1560705677926,1
scenario-availability-5c6c94bb6-ftfxn,1560705678954,0
scenario-availability-5c6c94bb6-ftfxn,1560705679969,1
scenario-availability-5c6c94bb6-ftfxn,1560705680972,1
scenario-availability-5c6c94bb6-ftfxn,1560705681976,0
scenario-availability-5c6c94bb6-ftfxn,1560705683002,1
scenario-availability-5c6c94bb6-ftfxn,1560705684007,1
scenario-availability-5c6c94bb6-ftfxn,1560705685010,1
scenario-availability-5c6c94bb6-ftfxn,1560705686012,1
scenario-availability-5c6c94bb6-ftfxn,1560705687016,1
scenario-availability-5c6c94bb6-ftfxn,1560705688021,1
scenario-availability-5c6c94bb6-ftfxn,1560705689026,1
scenario-availability-5c6c94bb6-ftfxn,1560705690031,0
scenario-availability-5c6c94bb6-ftfxn,1560705691051,1
scenario-availability-5c6c94bb6-ftfxn,1560705692054,0
scenario-availability-5c6c94bb6-ftfxn,1560705693066,1
scenario-availability-5c6c94bb6-ftfxn,1560705694069,1
scenario-availability-5c6c94bb6-ftfxn,1560705695074,1
scenario-availability-5c6c94bb6-ftfxn,1560705696076,1
scenario-availability-5c6c94bb6-ftfxn,1560705697078,1
scenario-availability-5c6c94bb6-ftfxn,1560705698081,1
scenario-availability-5c6c94bb6-ftfxn,1560705699086,1
scenario-availability-5c6c94bb6-ftfxn,1560705700098,1
scenario-availability-5c6c94bb6-ftfxn,1560705701103,1
scenario-availability-5c6c94bb6-ftfxn,1560705702105,1
scenario-availability-5c6c94bb6-ftfxn,1560705703109,1
scenario-availability-5c6c94bb6-ftfxn,1560705704121,1
scenario-availability-5c6c94bb6-ftfxn,1560705705124,0
scenario-availability-5c6c94bb6-ftfxn,1560705706137,1
scenario-availability-5c6c94bb6-ftfxn,1560705707140,1
scenario-availability-5c6c94bb6-ftfxn,1560705708149,1
scenario-availability-5c6c94bb6-ftfxn,1560705709154,1
scenario-availability-5c6c94bb6-ftfxn,1560705711495,0
scenario-availability-5c6c94bb6-ftfxn,1560705712511,0
scenario-availability-5c6c94bb6-ftfxn,1560705713536,0
scenario-availability-5c6c94bb6-ftfxn,1560705714555,0
scenario-availability-5c6c94bb6-ftfxn,1560705715565,1
scenario-availability-5c6c94bb6-ftfxn,1560705716571,0
scenario-availability-5c6c94bb6-ftfxn,1560705717588,1
scenario-availability-5c6c94bb6-ftfxn,1560705718591,1
scenario-availability-5c6c94bb6-ftfxn,1560705719593,0
scenario-availability-5c6c94bb6-ftfxn,1560705720608,0
scenario-availability-5c6c94bb6-ftfxn,1560705721628,1
scenario-availability-5c6c94bb6-ftfxn,1560705722632,0
scenario-availability-5c6c94bb6-ftfxn,1560705723650,0
scenario-availability-5c6c94bb6-ftfxn,1560705724673,1
scenario-availability-5c6c94bb6-ftfxn,1560705725677,0
scenario-availability-5c6c94bb6-ftfxn,1560705726689,0
scenario-availability-5c6c94bb6-ftfxn,1560705727701,0
scenario-availability-5c6c94bb6-ftfxn,1560705728716,1
scenario-availability-5c6c94bb6-ftfxn,1560705729718,1
scenario-availability-5c6c94bb6-ftfxn,1560705730720,0
scenario-availability-5c6c94bb6-ftfxn,1560705731736,0
scenario-availability-5c6c94bb6-ftfxn,1560705732746,1
scenario-availability-5c6c94bb6-jnhh7,1560705609875,1
scenario-availability-5c6c94bb6-jnhh7,1560705610883,1
scenario-availability-5c6c94bb6-jnhh7,1560705611887,1
scenario-availability-5c6c94bb6-jnhh7,1560705613356,1
scenario-availability-5c6c94bb6-jnhh7,1560705614357,1
scenario-availability-5c6c94bb6-jnhh7,1560705615361,1
scenario-availability-5c6c94bb6-jnhh7,1560705616367,1
scenario-availability-5c6c94bb6-jnhh7,1560705617371,1
scenario-availability-5c6c94bb6-jnhh7,1560705618375,1
scenario-availability-5c6c94bb6-jnhh7,1560705619378,1
scenario-availability-5c6c94bb6-jnhh7,1560705620380,1
scenario-availability-5c6c94bb6-jnhh7,1560705621385,1
scenario-availability-5c6c94bb6-jnhh7,1560705622388,1
scenario-availability-5c6c94bb6-jnhh7,1560705623391,1
scenario-availability-5c6c94bb6-jnhh7,1560705624395,1
scenario-availability-5c6c94bb6-jnhh7,1560705625397,1
scenario-availability-5c6c94bb6-jnhh7,1560705626401,1
scenario-availability-5c6c94bb6-jnhh7,1560705627405,1
scenario-availability-5c6c94bb6-jnhh7,1560705628408,1
scenario-availability-5c6c94bb6-jnhh7,1560705629414,1
scenario-availability-5c6c94bb6-jnhh7,1560705630421,1
scenario-availability-5c6c94bb6-jnhh7,1560705631425,1
scenario-availability-5c6c94bb6-jnhh7,1560705632427,1
scenario-availability-5c6c94bb6-jnhh7,1560705633433,1
scenario-availability-5c6c94bb6-jnhh7,1560705634437,1
scenario-availability-5c6c94bb6-jnhh7,1560705635439,1
scenario-availability-5c6c94bb6-jnhh7,1560705636443,1
scenario-availability-5c6c94bb6-jnhh7,1560705637447,1
scenario-availability-5c6c94bb6-jnhh7,1560705638451,1
scenario-availability-5c6c94bb6-jnhh7,1560705639453,1
scenario-availability-5c6c94bb6-jnhh7,1560705640459,1
scenario-availability-5c6c94bb6-jnhh7,1560705641462,1
scenario-availability-5c6c94bb6-jnhh7,1560705642465,1
scenario-availability-5c6c94bb6-jnhh7,1560705643468,1
scenario-availability-5c6c94bb6-jnhh7,1560705644471,1
scenario-availability-5c6c94bb6-jnhh7,1560705645477,1
scenario-availability-5c6c94bb6-jnhh7,1560705646481,1
scenario-availability-5c6c94bb6-jnhh7,1560705647483,1
scenario-availability-5c6c94bb6-jnhh7,1560705648486,1
scenario-availability-5c6c94bb6-jnhh7,1560705649491,1
scenario-availability-5c6c94bb6-jnhh7,1560705650495,1
scenario-availability-5c6c94bb6-jnhh7,1560705651497,1
scenario-availability-5c6c94bb6-jnhh7,1560705652501,1
scenario-availability-5c6c94bb6-jnhh7,1560705653505,1
scenario-availability-5c6c94bb6-jnhh7,1560705654509,1
scenario-availability-5c6c94bb6-jnhh7,1560705655514,1
scenario-availability-5c6c94bb6-jnhh7,1560705656519,1
scenario-availability-5c6c94bb6-jnhh7,1560705657523,1
scenario-availability-5c6c94bb6-jnhh7,1560705658528,1
scenario-availability-5c6c94bb6-jnhh7,1560705659533,1
scenario-availability-5c6c94bb6-jnhh7,1560705660539,1
scenario-availability-5c6c94bb6-jnhh7,1560705661544,1
scenario-availability-5c6c94bb6-jnhh7,1560705662549,1
scenario-availability-5c6c94bb6-jnhh7,1560705663552,1
scenario-availability-5c6c94bb6-jnhh7,1560705664555,1
scenario-availability-5c6c94bb6-jnhh7,1560705665559,1
scenario-availability-5c6c94bb6-jnhh7,1560705666629,1
scenario-availability-5c6c94bb6-jnhh7,1560705667639,1
scenario-availability-5c6c94bb6-jnhh7,1560705668643,1
scenario-availability-5c6c94bb6-jnhh7,1560705669646,1
scenario-availability-5c6c94bb6-jnhh7,1560705670648,1
scenario-availability-5c6c94bb6-jnhh7,1560705671652,1
scenario-availability-5c6c94bb6-jnhh7,1560705672656,1
scenario-availability-5c6c94bb6-jnhh7,1560705673661,0
scenario-availability-5c6c94bb6-jnhh7,1560705674681,1
scenario-availability-5c6c94bb6-jnhh7,1560705675685,1
scenario-availability-5c6c94bb6-jnhh7,1560705676689,1
scenario-availability-5c6c94bb6-jnhh7,1560705677693,1
scenario-availability-5c6c94bb6-jnhh7,1560705678697,1
scenario-availability-5c6c94bb6-jnhh7,1560705679701,1
scenario-availability-5c6c94bb6-jnhh7,1560705680704,1
scenario-availability-5c6c94bb6-jnhh7,1560705681706,1
scenario-availability-5c6c94bb6-jnhh7,1560705682712,1
scenario-availability-5c6c94bb6-jnhh7,1560705683719,1
scenario-availability-5c6c94bb6-jnhh7,1560705684724,1
scenario-availability-5c6c94bb6-jnhh7,1560705685728,1
scenario-availability-5c6c94bb6-jnhh7,1560705686731,1
scenario-availability-5c6c94bb6-jnhh7,1560705687736,1
scenario-availability-5c6c94bb6-jnhh7,1560705688741,1
scenario-availability-5c6c94bb6-jnhh7,1560705689747,1
scenario-availability-5c6c94bb6-jnhh7,1560705690750,1
scenario-availability-5c6c94bb6-jnhh7,1560705691753,0
scenario-availability-5c6c94bb6-jnhh7,1560705692772,1
scenario-availability-5c6c94bb6-jnhh7,1560705693876,1
scenario-availability-5c6c94bb6-jnhh7,1560705694881,1
scenario-availability-5c6c94bb6-jnhh7,1560705695887,1
scenario-availability-5c6c94bb6-jnhh7,1560705696890,1
scenario-availability-5c6c94bb6-jnhh7,1560705697893,1
scenario-availability-5c6c94bb6-jnhh7,1560705698902,1
scenario-availability-5c6c94bb6-jnhh7,1560705699906,0
scenario-availability-5c6c94bb6-jnhh7,1560705700924,0
scenario-availability-5c6c94bb6-jnhh7,1560705701931,1
scenario-availability-5c6c94bb6-jnhh7,1560705702933,1
scenario-availability-5c6c94bb6-jnhh7,1560705703938,1
scenario-availability-5c6c94bb6-jnhh7,1560705704941,1
scenario-availability-5c6c94bb6-jnhh7,1560705705948,1
scenario-availability-5c6c94bb6-jnhh7,1560705706953,1
scenario-availability-5c6c94bb6-jnhh7,1560705707956,0
scenario-availability-5c6c94bb6-jnhh7,1560705708966,0
scenario-availability-5c6c94bb6-jnhh7,1560705709979,0
scenario-availability-5c6c94bb6-jnhh7,1560705710992,1
scenario-availability-5c6c94bb6-jnhh7,1560705712007,0
scenario-availability-5c6c94bb6-jnhh7,1560705713018,0
scenario-availability-5c6c94bb6-jnhh7,1560705714029,0
scenario-availability-5c6c94bb6-jnhh7,1560705715043,0
scenario-availability-5c6c94bb6-jnhh7,1560705716061,0
scenario-availability-5c6c94bb6-jnhh7,1560705717082,1
scenario-availability-5c6c94bb6-jnhh7,1560705718088,0
scenario-availability-5c6c94bb6-jnhh7,1560705719106,0
scenario-availability-5c6c94bb6-jnhh7,1560705720126,1
scenario-availability-5c6c94bb6-jnhh7,1560705721129,0
scenario-availability-5c6c94bb6-jnhh7,1560705722137,1
scenario-availability-5c6c94bb6-jnhh7,1560705723138,0
scenario-availability-5c6c94bb6-jnhh7,1560705724155,0
scenario-availability-5c6c94bb6-jnhh7,1560705725174,0
scenario-availability-5c6c94bb6-jnhh7,1560705726191,0
scenario-availability-5c6c94bb6-jnhh7,1560705727205,0
scenario-availability-5c6c94bb6-jnhh7,1560705728218,0
scenario-availability-5c6c94bb6-jnhh7,1560705729231,1
scenario-availability-5c6c94bb6-jnhh7,1560705730234,0
scenario-availability-5c6c94bb6-jnhh7,1560705731242,1
scenario-availability-5c6c94bb6-jnhh7,1560705732245,0
scenario-availability-5c6c94bb6-l645d,1560705612425,1
scenario-availability-5c6c94bb6-l645d,1560705613427,1
scenario-availability-5c6c94bb6-l645d,1560705614430,1
scenario-availability-5c6c94bb6-l645d,1560705615433,1
scenario-availability-5c6c94bb6-l645d,1560705616437,1
scenario-availability-5c6c94bb6-l645d,1560705617465,1
scenario-availability-5c6c94bb6-l645d,1560705618467,1
scenario-availability-5c6c94bb6-l645d,1560705619469,1
scenario-availability-5c6c94bb6-l645d,1560705620473,1
scenario-availability-5c6c94bb6-l645d,1560705621477,1
scenario-availability-5c6c94bb6-l645d,1560705622483,1
scenario-availability-5c6c94bb6-l645d,1560705623486,1
scenario-availability-5c6c94bb6-l645d,1560705624490,1
scenario-availability-5c6c94bb6-l645d,1560705625493,1
scenario-availability-5c6c94bb6-l645d,1560705626499,1
scenario-availability-5c6c94bb6-l645d,1560705627506,1
scenario-availability-5c6c94bb6-l645d,1560705628513,1
scenario-availability-5c6c94bb6-l645d,1560705629519,1
scenario-availability-5c6c94bb6-l645d,1560705630530,1
scenario-availability-5c6c94bb6-l645d,1560705631534,1
scenario-availability-5c6c94bb6-l645d,1560705632537,1
scenario-availability-5c6c94bb6-l645d,1560705633539,1
scenario-availability-5c6c94bb6-l645d,1560705634540,1
scenario-availability-5c6c94bb6-l645d,1560705635544,1
scenario-availability-5c6c94bb6-l645d,1560705636568,1
scenario-availability-5c6c94bb6-l645d,1560705637571,1
scenario-availability-5c6c94bb6-l645d,1560705638575,1
scenario-availability-5c6c94bb6-l645d,1560705639577,1
scenario-availability-5c6c94bb6-l645d,1560705640579,1
scenario-availability-5c6c94bb6-l645d,1560705641581,1
scenario-availability-5c6c94bb6-l645d,1560705642748,1
scenario-availability-5c6c94bb6-l645d,1560705643752,1
scenario-availability-5c6c94bb6-l645d,1560705644755,1
scenario-availability-5c6c94bb6-l645d,1560705645759,1
scenario-availability-5c6c94bb6-l645d,1560705646762,1
scenario-availability-5c6c94bb6-l645d,1560705647767,1
scenario-availability-5c6c94bb6-l645d,1560705649008,1
scenario-availability-5c6c94bb6-l645d,1560705650011,1
scenario-availability-5c6c94bb6-l645d,1560705651015,1
scenario-availability-5c6c94bb6-l645d,1560705652029,1
scenario-availability-5c6c94bb6-l645d,1560705653031,1
scenario-availability-5c6c94bb6-l645d,1560705654035,1
scenario-availability-5c6c94bb6-l645d,1560705655041,1
scenario-availability-5c6c94bb6-l645d,1560705656044,1
scenario-availability-5c6c94bb6-l645d,1560705657051,1
scenario-availability-5c6c94bb6-l645d,1560705658055,1
scenario-availability-5c6c94bb6-l645d,1560705659086,1
scenario-availability-5c6c94bb6-l645d,1560705660091,1
scenario-availability-5c6c94bb6-l645d,1560705661094,1
scenario-availability-5c6c94bb6-l645d,1560705662097,1
scenario-availability-5c6c94bb6-l645d,1560705663148,1
scenario-availability-5c6c94bb6-l645d,1560705664152,1
scenario-availability-5c6c94bb6-l645d,1560705665155,1
scenario-availability-5c6c94bb6-l645d,1560705666159,1
scenario-availability-5c6c94bb6-l645d,1560705667161,1
scenario-availability-5c6c94bb6-l645d,1560705668165,1
scenario-availability-5c6c94bb6-l645d,1560705669170,1
scenario-availability-5c6c94bb6-l645d,1560705670179,1
scenario-availability-5c6c94bb6-l645d,1560705671187,1
scenario-availability-5c6c94bb6-l645d,1560705672190,1
scenario-availability-5c6c94bb6-l645d,1560705673193,1
scenario-availability-5c6c94bb6-l645d,1560705674199,0
scenario-availability-5c6c94bb6-l645d,1560705675218,1
scenario-availability-5c6c94bb6-l645d,1560705676228,0
scenario-availability-5c6c94bb6-l645d,1560705677244,1
scenario-availability-5c6c94bb6-l645d,1560705678248,1
scenario-availability-5c6c94bb6-l645d,1560705679254,1
scenario-availability-5c6c94bb6-l645d,1560705680257,1
scenario-availability-5c6c94bb6-l645d,1560705681262,1
scenario-availability-5c6c94bb6-l645d,1560705682266,1
scenario-availability-5c6c94bb6-l645d,1560705683269,1
scenario-availability-5c6c94bb6-l645d,1560705684271,1
scenario-availability-5c6c94bb6-l645d,1560705685274,1
scenario-availability-5c6c94bb6-l645d,1560705686277,0
scenario-availability-5c6c94bb6-l645d,1560705687291,1
scenario-availability-5c6c94bb6-l645d,1560705688297,1
scenario-availability-5c6c94bb6-l645d,1560705689301,1
scenario-availability-5c6c94bb6-l645d,1560705690303,1
scenario-availability-5c6c94bb6-l645d,1560705691306,1
scenario-availability-5c6c94bb6-l645d,1560705692311,1
scenario-availability-5c6c94bb6-l645d,1560705693648,1
scenario-availability-5c6c94bb6-l645d,1560705694650,1
scenario-availability-5c6c94bb6-l645d,1560705695654,0
scenario-availability-5c6c94bb6-l645d,1560705696664,1
scenario-availability-5c6c94bb6-l645d,1560705697666,1
scenario-availability-5c6c94bb6-l645d,1560705698671,1
scenario-availability-5c6c94bb6-l645d,1560705699675,1
scenario-availability-5c6c94bb6-l645d,1560705700678,0
scenario-availability-5c6c94bb6-l645d,1560705701693,0
scenario-availability-5c6c94bb6-l645d,1560705702707,0
scenario-availability-5c6c94bb6-l645d,1560705703719,1
scenario-availability-5c6c94bb6-l645d,1560705704720,1
scenario-availability-5c6c94bb6-l645d,1560705705727,0
scenario-availability-5c6c94bb6-l645d,1560705706741,1
scenario-availability-5c6c94bb6-l645d,1560705707744,1
scenario-availability-5c6c94bb6-l645d,1560705708746,0
scenario-availability-5c6c94bb6-l645d,1560705709768,0
scenario-availability-5c6c94bb6-l645d,1560705710781,1
scenario-availability-5c6c94bb6-qgfns,1560705612163,1
scenario-availability-5c6c94bb6-qgfns,1560705613828,1
scenario-availability-5c6c94bb6-qgfns,1560705614831,1
scenario-availability-5c6c94bb6-qgfns,1560705615836,1
scenario-availability-5c6c94bb6-qgfns,1560705616839,1
scenario-availability-5c6c94bb6-qgfns,1560705617842,1
scenario-availability-5c6c94bb6-qgfns,1560705618848,1
scenario-availability-5c6c94bb6-qgfns,1560705619854,1
scenario-availability-5c6c94bb6-qgfns,1560705620857,1
scenario-availability-5c6c94bb6-qgfns,1560705621860,1
scenario-availability-5c6c94bb6-qgfns,1560705622864,1
scenario-availability-5c6c94bb6-qgfns,1560705623866,1
scenario-availability-5c6c94bb6-qgfns,1560705624872,1
scenario-availability-5c6c94bb6-qgfns,1560705625876,1
scenario-availability-5c6c94bb6-qgfns,1560705626881,1
scenario-availability-5c6c94bb6-qgfns,1560705627885,1
scenario-availability-5c6c94bb6-qgfns,1560705628886,1
scenario-availability-5c6c94bb6-qgfns,1560705629891,1
scenario-availability-5c6c94bb6-qgfns,1560705630894,1
scenario-availability-5c6c94bb6-qgfns,1560705631898,1
scenario-availability-5c6c94bb6-qgfns,1560705632901,1
scenario-availability-5c6c94bb6-qgfns,1560705633906,1
scenario-availability-5c6c94bb6-qgfns,1560705634919,1
scenario-availability-5c6c94bb6-qgfns,1560705635921,1
scenario-availability-5c6c94bb6-qgfns,1560705636921,1
scenario-availability-5c6c94bb6-qgfns,1560705637927,1
scenario-availability-5c6c94bb6-qgfns,1560705638931,1
scenario-availability-5c6c94bb6-qgfns,1560705639934,1
scenario-availability-5c6c94bb6-qgfns,1560705640939,1
scenario-availability-5c6c94bb6-qgfns,1560705641941,1
scenario-availability-5c6c94bb6-qgfns,1560705642946,1
scenario-availability-5c6c94bb6-qgfns,1560705643952,1
scenario-availability-5c6c94bb6-qgfns,1560705644977,1
scenario-availability-5c6c94bb6-qgfns,1560705645981,1
scenario-availability-5c6c94bb6-qgfns,1560705646984,1
scenario-availability-5c6c94bb6-qgfns,1560705647989,1
scenario-availability-5c6c94bb6-qgfns,1560705648992,1
scenario-availability-5c6c94bb6-qgfns,1560705649996,1
scenario-availability-5c6c94bb6-qgfns,1560705651007,1
scenario-availability-5c6c94bb6-qgfns,1560705652029,1
scenario-availability-5c6c94bb6-qgfns,1560705653033,1
scenario-availability-5c6c94bb6-qgfns,1560705654036,1
scenario-availability-5c6c94bb6-qgfns,1560705655041,1
scenario-availability-5c6c94bb6-qgfns,1560705656349,1
scenario-availability-5c6c94bb6-qgfns,1560705657353,1
scenario-availability-5c6c94bb6-qgfns,1560705658365,1
scenario-availability-5c6c94bb6-qgfns,1560705659370,1
scenario-availability-5c6c94bb6-qgfns,1560705660375,1
scenario-availability-5c6c94bb6-qgfns,1560705661388,1
scenario-availability-5c6c94bb6-qgfns,1560705662393,1
scenario-availability-5c6c94bb6-qgfns,1560705663398,1
scenario-availability-5c6c94bb6-qgfns,1560705664400,1
scenario-availability-5c6c94bb6-qgfns,1560705665539,1
scenario-availability-5c6c94bb6-qgfns,1560705666630,1
scenario-availability-5c6c94bb6-qgfns,1560705667639,1
scenario-availability-5c6c94bb6-qgfns,1560705668640,1
scenario-availability-5c6c94bb6-qgfns,1560705669642,1
scenario-availability-5c6c94bb6-qgfns,1560705670873,1
scenario-availability-5c6c94bb6-qgfns,1560705672154,1
scenario-availability-5c6c94bb6-qgfns,1560705673158,1
scenario-availability-5c6c94bb6-qgfns,1560705674160,1
scenario-availability-5c6c94bb6-qgfns,1560705675167,0
scenario-availability-5c6c94bb6-qgfns,1560705676196,1
scenario-availability-5c6c94bb6-qgfns,1560705677201,0
scenario-availability-5c6c94bb6-qgfns,1560705678217,1
scenario-availability-5c6c94bb6-qgfns,1560705679222,1
scenario-availability-5c6c94bb6-qgfns,1560705680225,1
scenario-availability-5c6c94bb6-qgfns,1560705681229,1
scenario-availability-5c6c94bb6-qgfns,1560705682233,1
scenario-availability-5c6c94bb6-qgfns,1560705683236,1
scenario-availability-5c6c94bb6-qgfns,1560705684238,1
scenario-availability-5c6c94bb6-qgfns,1560705685249,0
scenario-availability-5c6c94bb6-qgfns,1560705686267,1
scenario-availability-5c6c94bb6-qgfns,1560705687272,1
scenario-availability-5c6c94bb6-qgfns,1560705688280,1
scenario-availability-5c6c94bb6-qgfns,1560705689284,1
scenario-availability-5c6c94bb6-qgfns,1560705690285,1
scenario-availability-5c6c94bb6-qgfns,1560705691289,1
scenario-availability-5c6c94bb6-qgfns,1560705692294,1
scenario-availability-5c6c94bb6-qgfns,1560705693650,1
scenario-availability-5c6c94bb6-qgfns,1560705694655,0
scenario-availability-5c6c94bb6-qgfns,1560705695666,1
scenario-availability-5c6c94bb6-qgfns,1560705696670,1
scenario-availability-5c6c94bb6-qgfns,1560705697673,1
scenario-availability-5c6c94bb6-qgfns,1560705698677,1
scenario-availability-5c6c94bb6-qgfns,1560705699679,1
scenario-availability-5c6c94bb6-qgfns,1560705700680,0
scenario-availability-5c6c94bb6-qgfns,1560705701685,1
scenario-availability-5c6c94bb6-qgfns,1560705702686,1
scenario-availability-5c6c94bb6-qgfns,1560705703688,1
scenario-availability-5c6c94bb6-qgfns,1560705704691,1
scenario-availability-5c6c94bb6-qgfns,1560705705692,0
scenario-availability-5c6c94bb6-qgfns,1560705706700,0
scenario-availability-5c6c94bb6-qgfns,1560705707705,0
scenario-availability-5c6c94bb6-qgfns,1560705708720,0
scenario-availability-5c6c94bb6-qgfns,1560705709737,0
scenario-availability-5c6c94bb6-qgfns,1560705710749,1
scenario-availability-5c6c94bb6-qgfns,1560705711891,0
scenario-availability-5c6c94bb6-qgfns,1560705712908,1
scenario-availability-5c6c94bb6-qgfns,1560705713975,0
scenario-availability-5c6c94bb6-qgfns,1560705714994,1
scenario-availability-5c6c94bb6-qgfns,1560705715997,1
scenario-availability-5c6c94bb6-qgfns,1560705717000,0
scenario-availability-5c6c94bb6-qgfns,1560705718015,0
scenario-availability-5c6c94bb6-qgfns,1560705719030,1
scenario-availability-5c6c94bb6-qgfns,1560705720033,1
scenario-availability-5c6c94bb6-qgfns,1560705721035,0
scenario-availability-5c6c94bb6-qgfns,1560705722050,0
scenario-availability-5c6c94bb6-qgfns,1560705723069,0
scenario-availability-5c6c94bb6-qgfns,1560705724080,1
scenario-availability-5c6c94bb6-qgfns,1560705725090,0
scenario-availability-5c6c94bb6-qgfns,1560705726105,0
scenario-availability-5c6c94bb6-qgfns,1560705727115,1
scenario-availability-5c6c94bb6-qgfns,1560705728119,1
scenario-availability-5c6c94bb6-qgfns,1560705729121,0
scenario-availability-5c6c94bb6-qgfns,1560705730145,0
scenario-availability-5c6c94bb6-qgfns,1560705731166,0
scenario-availability-5c6c94bb6-qgfns,1560705732184,0
scenario-availability-5c6c94bb6-twz4z,1560705612114,1
scenario-availability-5c6c94bb6-twz4z,1560705613828,1
scenario-availability-5c6c94bb6-twz4z,1560705614831,1
scenario-availability-5c6c94bb6-twz4z,1560705615836,1
scenario-availability-5c6c94bb6-twz4z,1560705616841,1
scenario-availability-5c6c94bb6-twz4z,1560705617845,1
scenario-availability-5c6c94bb6-twz4z,1560705618851,1
scenario-availability-5c6c94bb6-twz4z,1560705619857,1
scenario-availability-5c6c94bb6-twz4z,1560705620859,1
scenario-availability-5c6c94bb6-twz4z,1560705621863,1
scenario-availability-5c6c94bb6-twz4z,1560705622967,1
scenario-availability-5c6c94bb6-twz4z,1560705623972,1
scenario-availability-5c6c94bb6-twz4z,1560705624976,1
scenario-availability-5c6c94bb6-twz4z,1560705625979,1
scenario-availability-5c6c94bb6-twz4z,1560705626983,1
scenario-availability-5c6c94bb6-twz4z,1560705627985,1
scenario-availability-5c6c94bb6-twz4z,1560705628987,1
scenario-availability-5c6c94bb6-twz4z,1560705629991,1
scenario-availability-5c6c94bb6-twz4z,1560705630993,1
scenario-availability-5c6c94bb6-twz4z,1560705631999,1
scenario-availability-5c6c94bb6-twz4z,1560705633001,1
scenario-availability-5c6c94bb6-twz4z,1560705634004,1
scenario-availability-5c6c94bb6-twz4z,1560705635005,1
scenario-availability-5c6c94bb6-twz4z,1560705636009,1
scenario-availability-5c6c94bb6-twz4z,1560705637013,1
scenario-availability-5c6c94bb6-twz4z,1560705638021,1
scenario-availability-5c6c94bb6-twz4z,1560705639025,1
scenario-availability-5c6c94bb6-twz4z,1560705640028,1
scenario-availability-5c6c94bb6-twz4z,1560705641033,1
scenario-availability-5c6c94bb6-twz4z,1560705642035,1
scenario-availability-5c6c94bb6-twz4z,1560705643039,1
scenario-availability-5c6c94bb6-twz4z,1560705644042,1
scenario-availability-5c6c94bb6-twz4z,1560705645047,1
scenario-availability-5c6c94bb6-twz4z,1560705646058,1
scenario-availability-5c6c94bb6-twz4z,1560705647063,1
scenario-availability-5c6c94bb6-twz4z,1560705648066,1
scenario-availability-5c6c94bb6-twz4z,1560705649071,1
scenario-availability-5c6c94bb6-twz4z,1560705650267,1
scenario-availability-5c6c94bb6-twz4z,1560705651269,1
scenario-availability-5c6c94bb6-twz4z,1560705652272,1
scenario-availability-5c6c94bb6-twz4z,1560705653277,1
scenario-availability-5c6c94bb6-twz4z,1560705654282,1
scenario-availability-5c6c94bb6-twz4z,1560705655284,1
scenario-availability-5c6c94bb6-twz4z,1560705656289,1
scenario-availability-5c6c94bb6-twz4z,1560705657295,1
scenario-availability-5c6c94bb6-twz4z,1560705658297,1
scenario-availability-5c6c94bb6-twz4z,1560705659301,1
scenario-availability-5c6c94bb6-twz4z,1560705660306,1
scenario-availability-5c6c94bb6-twz4z,1560705661308,1
scenario-availability-5c6c94bb6-twz4z,1560705662311,1
scenario-availability-5c6c94bb6-twz4z,1560705663314,1
scenario-availability-5c6c94bb6-twz4z,1560705664619,1
scenario-availability-5c6c94bb6-twz4z,1560705665624,1
scenario-availability-5c6c94bb6-twz4z,1560705666632,1
scenario-availability-5c6c94bb6-twz4z,1560705667641,1
scenario-availability-5c6c94bb6-twz4z,1560705668645,1
scenario-availability-5c6c94bb6-twz4z,1560705669648,1
scenario-availability-5c6c94bb6-twz4z,1560705670872,1
scenario-availability-5c6c94bb6-twz4z,1560705672154,1
scenario-availability-5c6c94bb6-twz4z,1560705673158,1
scenario-availability-5c6c94bb6-twz4z,1560705674162,1
scenario-availability-5c6c94bb6-twz4z,1560705675167,1
scenario-availability-5c6c94bb6-twz4z,1560705676171,0
scenario-availability-5c6c94bb6-twz4z,1560705677185,1
scenario-availability-5c6c94bb6-twz4z,1560705678187,1
scenario-availability-5c6c94bb6-twz4z,1560705679194,1
scenario-availability-5c6c94bb6-twz4z,1560705680199,0
scenario-availability-5c6c94bb6-twz4z,1560705681227,1
scenario-availability-5c6c94bb6-twz4z,1560705682231,1
scenario-availability-5c6c94bb6-twz4z,1560705683233,1
scenario-availability-5c6c94bb6-twz4z,1560705684236,1
scenario-availability-5c6c94bb6-twz4z,1560705685238,1
scenario-availability-5c6c94bb6-twz4z,1560705686241,1
scenario-availability-5c6c94bb6-twz4z,1560705687247,1
scenario-availability-5c6c94bb6-twz4z,1560705688253,1
scenario-availability-5c6c94bb6-twz4z,1560705689259,1
scenario-availability-5c6c94bb6-twz4z,1560705690262,0
scenario-availability-5c6c94bb6-twz4z,1560705691279,1
scenario-availability-5c6c94bb6-twz4z,1560705692281,1
scenario-availability-5c6c94bb6-twz4z,1560705693283,1
scenario-availability-5c6c94bb6-twz4z,1560705694286,0
scenario-availability-5c6c94bb6-twz4z,1560705695308,0
scenario-availability-5c6c94bb6-twz4z,1560705696329,1
scenario-availability-5c6c94bb6-twz4z,1560705697333,1
scenario-availability-5c6c94bb6-twz4z,1560705698338,1
scenario-availability-5c6c94bb6-twz4z,1560705699342,1
scenario-availability-5c6c94bb6-twz4z,1560705700345,1
scenario-availability-5c6c94bb6-twz4z,1560705701352,1
scenario-availability-5c6c94bb6-twz4z,1560705702356,0
scenario-availability-5c6c94bb6-twz4z,1560705703386,1
scenario-availability-5c6c94bb6-twz4z,1560705704386,1
scenario-availability-5c6c94bb6-twz4z,1560705705406,1
scenario-availability-5c6c94bb6-twz4z,1560705706406,1
scenario-availability-5c6c94bb6-twz4z,1560705707412,0
scenario-availability-5c6c94bb6-twz4z,1560705708430,1
scenario-availability-5c6c94bb6-twz4z,1560705709434,0
scenario-availability-5c6c94bb6-twz4z,1560705710444,1
scenario-availability-5c6c94bb6-twz4z,1560705711886,1
scenario-availability-5c6c94bb6-twz4z,1560705713686,0
scenario-availability-5c6c94bb6-twz4z,1560705714698,1
scenario-availability-5c6c94bb6-twz4z,1560705715702,1
scenario-availability-5c6c94bb6-twz4z,1560705716706,0
scenario-availability-5c6c94bb6-twz4z,1560705717720,1
scenario-availability-5c6c94bb6-twz4z,1560705718723,0
scenario-availability-5c6c94bb6-twz4z,1560705719738,0
scenario-availability-5c6c94bb6-twz4z,1560705720752,0
scenario-availability-5c6c94bb6-twz4z,1560705721766,0
scenario-availability-5c6c94bb6-twz4z,1560705722783,0
scenario-availability-5c6c94bb6-twz4z,1560705723806,0
scenario-availability-5c6c94bb6-twz4z,1560705724820,0
scenario-availability-5c6c94bb6-twz4z,1560705725838,0
scenario-availability-5c6c94bb6-twz4z,1560705726846,0
scenario-availability-5c6c94bb6-twz4z,1560705727858,1
scenario-availability-5c6c94bb6-twz4z,1560705728861,1
scenario-availability-5c6c94bb6-twz4z,1560705729964,0
scenario-availability-5c6c94bb6-twz4z,1560705730976,0
scenario-availability-5c6c94bb6-twz4z,1560705731992,1
scenario-availability-5c6c94bb6-zs2g4,1560705610341,1
scenario-availability-5c6c94bb6-zs2g4,1560705611347,1
scenario-availability-5c6c94bb6-zs2g4,1560705613127,1
scenario-availability-5c6c94bb6-zs2g4,1560705614132,1
scenario-availability-5c6c94bb6-zs2g4,1560705615135,1
scenario-availability-5c6c94bb6-zs2g4,1560705616137,1
scenario-availability-5c6c94bb6-zs2g4,1560705617143,1
scenario-availability-5c6c94bb6-zs2g4,1560705618145,1
scenario-availability-5c6c94bb6-zs2g4,1560705619147,1
scenario-availability-5c6c94bb6-zs2g4,1560705620151,1
scenario-availability-5c6c94bb6-zs2g4,1560705621154,1
scenario-availability-5c6c94bb6-zs2g4,1560705622157,1
scenario-availability-5c6c94bb6-zs2g4,1560705623159,1
scenario-availability-5c6c94bb6-zs2g4,1560705624164,1
scenario-availability-5c6c94bb6-zs2g4,1560705625166,1
scenario-availability-5c6c94bb6-zs2g4,1560705626168,1
scenario-availability-5c6c94bb6-zs2g4,1560705627173,1
scenario-availability-5c6c94bb6-zs2g4,1560705628176,1
scenario-availability-5c6c94bb6-zs2g4,1560705629181,1
scenario-availability-5c6c94bb6-zs2g4,1560705630192,1
scenario-availability-5c6c94bb6-zs2g4,1560705631196,1
scenario-availability-5c6c94bb6-zs2g4,1560705632197,1
scenario-availability-5c6c94bb6-zs2g4,1560705633201,1
scenario-availability-5c6c94bb6-zs2g4,1560705634204,1
scenario-availability-5c6c94bb6-zs2g4,1560705635206,1
scenario-availability-5c6c94bb6-zs2g4,1560705636212,1
scenario-availability-5c6c94bb6-zs2g4,1560705637215,1
scenario-availability-5c6c94bb6-zs2g4,1560705638219,1
scenario-availability-5c6c94bb6-zs2g4,1560705639221,1
scenario-availability-5c6c94bb6-zs2g4,1560705640222,1
scenario-availability-5c6c94bb6-zs2g4,1560705641227,1
scenario-availability-5c6c94bb6-zs2g4,1560705642230,1
scenario-availability-5c6c94bb6-zs2g4,1560705643232,1
scenario-availability-5c6c94bb6-zs2g4,1560705644235,1
scenario-availability-5c6c94bb6-zs2g4,1560705645239,1
scenario-availability-5c6c94bb6-zs2g4,1560705646241,1
scenario-availability-5c6c94bb6-zs2g4,1560705647246,1
scenario-availability-5c6c94bb6-zs2g4,1560705648251,1
scenario-availability-5c6c94bb6-zs2g4,1560705649253,1
scenario-availability-5c6c94bb6-zs2g4,1560705650255,1
scenario-availability-5c6c94bb6-zs2g4,1560705651259,1
scenario-availability-5c6c94bb6-zs2g4,1560705652264,1
scenario-availability-5c6c94bb6-zs2g4,1560705653266,1
scenario-availability-5c6c94bb6-zs2g4,1560705654269,1
scenario-availability-5c6c94bb6-zs2g4,1560705655272,1
scenario-availability-5c6c94bb6-zs2g4,1560705656276,1
scenario-availability-5c6c94bb6-zs2g4,1560705657279,1
scenario-availability-5c6c94bb6-zs2g4,1560705658282,1
scenario-availability-5c6c94bb6-zs2g4,1560705659284,1
scenario-availability-5c6c94bb6-zs2g4,1560705660288,1
scenario-availability-5c6c94bb6-zs2g4,1560705661292,1
scenario-availability-5c6c94bb6-zs2g4,1560705662294,1
scenario-availability-5c6c94bb6-zs2g4,1560705663299,1
scenario-availability-5c6c94bb6-zs2g4,1560705664622,1
scenario-availability-5c6c94bb6-zs2g4,1560705665630,1
scenario-availability-5c6c94bb6-zs2g4,1560705666906,1
scenario-availability-5c6c94bb6-zs2g4,1560705667912,1
scenario-availability-5c6c94bb6-zs2g4,1560705668913,0
scenario-availability-5c6c94bb6-zs2g4,1560705669917,1
scenario-availability-5c6c94bb6-zs2g4,1560705670919,1
scenario-availability-5c6c94bb6-zs2g4,1560705671920,1
scenario-availability-5c6c94bb6-zs2g4,1560705672923,1
scenario-availability-5c6c94bb6-zs2g4,1560705673924,0
scenario-availability-5c6c94bb6-zs2g4,1560705674937,1
scenario-availability-5c6c94bb6-zs2g4,1560705675938,1
scenario-availability-5c6c94bb6-zs2g4,1560705676941,0
scenario-availability-5c6c94bb6-zs2g4,1560705677956,1
scenario-availability-5c6c94bb6-zs2g4,1560705678960,1
scenario-availability-5c6c94bb6-zs2g4,1560705679964,1
scenario-availability-5c6c94bb6-zs2g4,1560705680966,1
scenario-availability-5c6c94bb6-zs2g4,1560705681971,1
scenario-availability-5c6c94bb6-zs2g4,1560705682975,1
scenario-availability-5c6c94bb6-zs2g4,1560705683976,1
scenario-availability-5c6c94bb6-zs2g4,1560705684978,1
scenario-availability-5c6c94bb6-zs2g4,1560705685979,1
scenario-availability-5c6c94bb6-zs2g4,1560705686982,1
scenario-availability-5c6c94bb6-zs2g4,1560705687984,1
scenario-availability-5c6c94bb6-zs2g4,1560705688987,0
scenario-availability-5c6c94bb6-zs2g4,1560705690000,1
scenario-availability-5c6c94bb6-zs2g4,1560705691003,1
scenario-availability-5c6c94bb6-zs2g4,1560705692005,1
scenario-availability-5c6c94bb6-zs2g4,1560705693010,1
scenario-availability-5c6c94bb6-zs2g4,1560705694017,1
scenario-availability-5c6c94bb6-zs2g4,1560705695020,1
scenario-availability-5c6c94bb6-zs2g4,1560705696024,1
scenario-availability-5c6c94bb6-zs2g4,1560705697027,0
scenario-availability-5c6c94bb6-zs2g4,1560705698046,0
scenario-availability-5c6c94bb6-zs2g4,1560705699066,1
scenario-availability-5c6c94bb6-zs2g4,1560705700098,0
scenario-availability-5c6c94bb6-zs2g4,1560705701116,1
scenario-availability-5c6c94bb6-zs2g4,1560705702119,1
scenario-availability-5c6c94bb6-zs2g4,1560705703122,0
scenario-availability-5c6c94bb6-zs2g4,1560705704147,1
scenario-availability-5c6c94bb6-zs2g4,1560705705150,1
scenario-availability-5c6c94bb6-zs2g4,1560705706153,1
scenario-availability-5c6c94bb6-zs2g4,1560705707156,1
scenario-availability-5c6c94bb6-zs2g4,1560705708160,1
scenario-availability-5c6c94bb6-zs2g4,1560705709162,1
scenario-availability-5c6c94bb6-zs2g4,1560705711498,1
scenario-availability-5c6c94bb6-zs2g4,1560705712501,0
scenario-availability-5c6c94bb6-zs2g4,1560705713516,0
scenario-availability-5c6c94bb6-zs2g4,1560705714541,0
scenario-availability-5c6c94bb6-zs2g4,1560705715553,0
scenario-availability-5c6c94bb6-zs2g4,1560705716575,0
scenario-availability-5c6c94bb6-zs2g4,1560705717586,1
scenario-availability-5c6c94bb6-zs2g4,1560705718588,0
scenario-availability-5c6c94bb6-zs2g4,1560705719601,1
scenario-availability-5c6c94bb6-zs2g4,1560705720603,0
scenario-availability-5c6c94bb6-zs2g4,1560705721613,1
scenario-availability-5c6c94bb6-zs2g4,1560705722626,0
scenario-availability-5c6c94bb6-zs2g4,1560705723642,1
scenario-availability-5c6c94bb6-zs2g4,1560705724643,0
scenario-availability-5c6c94bb6-zs2g4,1560705725656,0
scenario-availability-5c6c94bb6-zs2g4,1560705726666,1
scenario-availability-5c6c94bb6-zs2g4,1560705727668,0
scenario-availability-5c6c94bb6-zs2g4,1560705728686,0
scenario-availability-5c6c94bb6-zs2g4,1560705729701,1
scenario-availability-5c6c94bb6-zs2g4,1560705730702,0
scenario-availability-5c6c94bb6-zs2g4,1560705731719,0
