1560766264,autobahnkreuz-0,620Ki
1560766264,autobahnkreuz-4,656Ki
1560766265,autobahnkreuz-0,620Ki
1560766265,autobahnkreuz-4,656Ki
1560766266,autobahnkreuz-0,620Ki
1560766266,autobahnkreuz-4,656Ki
1560766267,autobahnkreuz-0,620Ki
1560766267,autobahnkreuz-4,656Ki
1560766268,autobahnkreuz-4,656Ki
1560766268,autobahnkreuz-0,620Ki
1560766269,autobahnkreuz-4,656Ki
1560766269,autobahnkreuz-0,620Ki
1560766271,autobahnkreuz-4,656Ki
1560766271,autobahnkreuz-0,620Ki
1560766272,autobahnkreuz-0,620Ki
1560766272,autobahnkreuz-4,656Ki
1560766273,autobahnkreuz-0,620Ki
1560766273,autobahnkreuz-4,656Ki
1560766274,autobahnkreuz-0,620Ki
1560766274,autobahnkreuz-4,656Ki
1560766275,autobahnkreuz-0,620Ki
1560766275,autobahnkreuz-4,656Ki
1560766276,autobahnkreuz-0,620Ki
1560766276,autobahnkreuz-4,656Ki
1560766277,autobahnkreuz-4,656Ki
1560766277,autobahnkreuz-0,620Ki
1560766278,autobahnkreuz-0,620Ki
1560766278,autobahnkreuz-4,656Ki
1560766279,autobahnkreuz-4,656Ki
1560766279,autobahnkreuz-0,620Ki
1560766280,autobahnkreuz-4,656Ki
1560766280,autobahnkreuz-0,620Ki
1560766281,autobahnkreuz-0,620Ki
1560766281,autobahnkreuz-4,656Ki
1560766282,autobahnkreuz-4,656Ki
1560766282,autobahnkreuz-0,620Ki
1560766283,autobahnkreuz-0,620Ki
1560766283,autobahnkreuz-4,656Ki
1560766284,autobahnkreuz-4,656Ki
1560766284,autobahnkreuz-0,620Ki
1560766285,autobahnkreuz-4,656Ki
1560766285,autobahnkreuz-0,620Ki
1560766286,autobahnkreuz-0,620Ki
1560766286,autobahnkreuz-4,656Ki
1560766287,autobahnkreuz-0,620Ki
1560766287,autobahnkreuz-4,656Ki
1560766288,autobahnkreuz-4,656Ki
1560766288,autobahnkreuz-0,620Ki
1560766289,autobahnkreuz-0,620Ki
1560766289,autobahnkreuz-4,656Ki
1560766290,autobahnkreuz-4,656Ki
1560766290,autobahnkreuz-0,620Ki
1560766291,autobahnkreuz-0,680Ki
1560766291,autobahnkreuz-1,652Ki
1560766291,autobahnkreuz-3,716Ki
1560766291,autobahnkreuz-4,660Ki
1560766291,autobahnkreuz-2,636Ki
1560766292,autobahnkreuz-0,680Ki
1560766292,autobahnkreuz-2,636Ki
1560766292,autobahnkreuz-1,652Ki
1560766292,autobahnkreuz-4,660Ki
1560766292,autobahnkreuz-3,716Ki
1560766293,autobahnkreuz-3,716Ki
1560766293,autobahnkreuz-4,660Ki
1560766293,autobahnkreuz-0,680Ki
1560766293,autobahnkreuz-1,652Ki
1560766293,autobahnkreuz-2,636Ki
1560766294,autobahnkreuz-2,636Ki
1560766294,autobahnkreuz-1,652Ki
1560766294,autobahnkreuz-0,680Ki
1560766294,autobahnkreuz-3,716Ki
1560766294,autobahnkreuz-4,660Ki
1560766295,autobahnkreuz-3,716Ki
1560766295,autobahnkreuz-1,652Ki
1560766295,autobahnkreuz-4,660Ki
1560766295,autobahnkreuz-0,680Ki
1560766295,autobahnkreuz-2,636Ki
1560766296,autobahnkreuz-2,636Ki
1560766296,autobahnkreuz-3,716Ki
1560766296,autobahnkreuz-4,660Ki
1560766296,autobahnkreuz-1,652Ki
1560766296,autobahnkreuz-0,680Ki
1560766298,autobahnkreuz-4,660Ki
1560766298,autobahnkreuz-2,636Ki
1560766298,autobahnkreuz-3,716Ki
1560766298,autobahnkreuz-0,680Ki
1560766298,autobahnkreuz-1,652Ki
1560766299,autobahnkreuz-1,652Ki
1560766299,autobahnkreuz-2,636Ki
1560766299,autobahnkreuz-3,716Ki
1560766299,autobahnkreuz-4,660Ki
1560766299,autobahnkreuz-0,680Ki
1560766300,autobahnkreuz-1,652Ki
1560766300,autobahnkreuz-2,636Ki
1560766300,autobahnkreuz-3,716Ki
1560766300,autobahnkreuz-0,680Ki
1560766300,autobahnkreuz-4,660Ki
1560766301,autobahnkreuz-0,680Ki
1560766301,autobahnkreuz-2,636Ki
1560766301,autobahnkreuz-1,652Ki
1560766301,autobahnkreuz-4,660Ki
1560766301,autobahnkreuz-3,716Ki
1560766302,autobahnkreuz-3,716Ki
1560766302,autobahnkreuz-4,660Ki
1560766302,autobahnkreuz-1,652Ki
1560766302,autobahnkreuz-2,636Ki
1560766302,autobahnkreuz-0,680Ki
1560766303,autobahnkreuz-4,660Ki
1560766303,autobahnkreuz-3,716Ki
1560766303,autobahnkreuz-0,680Ki
1560766303,autobahnkreuz-2,636Ki
1560766303,autobahnkreuz-1,652Ki
1560766304,autobahnkreuz-2,636Ki
1560766304,autobahnkreuz-3,716Ki
1560766304,autobahnkreuz-1,652Ki
1560766304,autobahnkreuz-4,660Ki
1560766304,autobahnkreuz-0,680Ki
1560766305,autobahnkreuz-4,660Ki
1560766305,autobahnkreuz-2,636Ki
1560766305,autobahnkreuz-0,680Ki
1560766305,autobahnkreuz-3,716Ki
1560766305,autobahnkreuz-1,652Ki
1560766306,autobahnkreuz-4,660Ki
1560766306,autobahnkreuz-0,680Ki
1560766306,autobahnkreuz-3,716Ki
1560766306,autobahnkreuz-1,652Ki
1560766306,autobahnkreuz-2,636Ki
1560766307,autobahnkreuz-3,716Ki
1560766307,autobahnkreuz-1,652Ki
1560766307,autobahnkreuz-0,680Ki
1560766307,autobahnkreuz-4,660Ki
1560766307,autobahnkreuz-2,636Ki
1560766308,autobahnkreuz-2,636Ki
1560766308,autobahnkreuz-0,680Ki
1560766308,autobahnkreuz-4,660Ki
1560766308,autobahnkreuz-1,652Ki
1560766308,autobahnkreuz-3,716Ki
1560766309,autobahnkreuz-1,652Ki
1560766309,autobahnkreuz-0,680Ki
1560766309,autobahnkreuz-4,660Ki
1560766309,autobahnkreuz-3,716Ki
1560766309,autobahnkreuz-2,636Ki
1560766310,autobahnkreuz-3,716Ki
1560766310,autobahnkreuz-4,660Ki
1560766310,autobahnkreuz-1,652Ki
1560766310,autobahnkreuz-2,636Ki
1560766310,autobahnkreuz-0,680Ki
1560766311,autobahnkreuz-4,660Ki
1560766311,autobahnkreuz-3,716Ki
1560766311,autobahnkreuz-0,680Ki
1560766311,autobahnkreuz-1,652Ki
1560766311,autobahnkreuz-2,636Ki
1560766312,autobahnkreuz-4,660Ki
1560766312,autobahnkreuz-0,680Ki
1560766312,autobahnkreuz-2,636Ki
1560766312,autobahnkreuz-3,716Ki
1560766312,autobahnkreuz-1,652Ki
1560766313,autobahnkreuz-0,680Ki
1560766313,autobahnkreuz-4,660Ki
1560766313,autobahnkreuz-1,652Ki
1560766313,autobahnkreuz-3,716Ki
1560766313,autobahnkreuz-2,636Ki
1560766314,autobahnkreuz-4,660Ki
1560766314,autobahnkreuz-1,652Ki
1560766314,autobahnkreuz-2,636Ki
1560766314,autobahnkreuz-3,716Ki
1560766314,autobahnkreuz-0,680Ki
1560766315,autobahnkreuz-4,660Ki
1560766315,autobahnkreuz-2,636Ki
1560766315,autobahnkreuz-3,716Ki
1560766315,autobahnkreuz-1,652Ki
1560766315,autobahnkreuz-0,680Ki
1560766316,autobahnkreuz-2,636Ki
1560766316,autobahnkreuz-1,652Ki
1560766316,autobahnkreuz-3,716Ki
1560766316,autobahnkreuz-4,660Ki
1560766316,autobahnkreuz-0,680Ki
1560766317,autobahnkreuz-0,680Ki
1560766317,autobahnkreuz-3,716Ki
1560766317,autobahnkreuz-1,652Ki
1560766317,autobahnkreuz-2,636Ki
1560766317,autobahnkreuz-4,660Ki
1560766318,autobahnkreuz-1,652Ki
1560766318,autobahnkreuz-0,680Ki
1560766318,autobahnkreuz-3,716Ki
1560766318,autobahnkreuz-4,660Ki
1560766318,autobahnkreuz-2,636Ki
1560766319,autobahnkreuz-3,716Ki
1560766319,autobahnkreuz-2,636Ki
1560766319,autobahnkreuz-0,680Ki
1560766319,autobahnkreuz-4,660Ki
1560766319,autobahnkreuz-1,652Ki
1560766320,autobahnkreuz-2,636Ki
1560766320,autobahnkreuz-1,652Ki
1560766320,autobahnkreuz-4,660Ki
1560766320,autobahnkreuz-0,680Ki
1560766320,autobahnkreuz-3,716Ki
1560766321,autobahnkreuz-3,716Ki
1560766321,autobahnkreuz-0,680Ki
1560766321,autobahnkreuz-2,636Ki
1560766321,autobahnkreuz-1,652Ki
1560766321,autobahnkreuz-4,660Ki
1560766322,autobahnkreuz-0,680Ki
1560766322,autobahnkreuz-4,660Ki
1560766322,autobahnkreuz-1,652Ki
1560766322,autobahnkreuz-3,716Ki
1560766322,autobahnkreuz-2,636Ki
1560766323,autobahnkreuz-1,652Ki
1560766323,autobahnkreuz-3,716Ki
1560766323,autobahnkreuz-0,680Ki
1560766323,autobahnkreuz-4,660Ki
1560766323,autobahnkreuz-2,636Ki
1560766325,autobahnkreuz-3,716Ki
1560766325,autobahnkreuz-2,636Ki
1560766325,autobahnkreuz-0,680Ki
1560766325,autobahnkreuz-1,652Ki
1560766325,autobahnkreuz-4,660Ki
1560766326,autobahnkreuz-4,660Ki
1560766326,autobahnkreuz-3,716Ki
1560766326,autobahnkreuz-0,680Ki
1560766326,autobahnkreuz-2,636Ki
1560766326,autobahnkreuz-1,652Ki
1560766327,autobahnkreuz-3,716Ki
1560766327,autobahnkreuz-2,636Ki
1560766327,autobahnkreuz-0,680Ki
1560766327,autobahnkreuz-1,652Ki
1560766327,autobahnkreuz-4,660Ki
1560766328,autobahnkreuz-4,660Ki
1560766328,autobahnkreuz-1,652Ki
1560766328,autobahnkreuz-2,636Ki
1560766328,autobahnkreuz-3,716Ki
1560766328,autobahnkreuz-0,680Ki
1560766329,autobahnkreuz-3,716Ki
1560766329,autobahnkreuz-4,660Ki
1560766329,autobahnkreuz-0,680Ki
1560766329,autobahnkreuz-1,652Ki
1560766329,autobahnkreuz-2,636Ki
1560766330,autobahnkreuz-4,660Ki
1560766330,autobahnkreuz-1,652Ki
1560766330,autobahnkreuz-3,716Ki
1560766330,autobahnkreuz-0,680Ki
1560766330,autobahnkreuz-2,636Ki
1560766331,autobahnkreuz-3,716Ki
1560766331,autobahnkreuz-2,636Ki
1560766331,autobahnkreuz-4,660Ki
1560766331,autobahnkreuz-0,680Ki
1560766331,autobahnkreuz-1,652Ki
1560766332,autobahnkreuz-1,652Ki
1560766332,autobahnkreuz-2,636Ki
1560766332,autobahnkreuz-4,660Ki
1560766332,autobahnkreuz-3,716Ki
1560766332,autobahnkreuz-0,680Ki
1560766333,autobahnkreuz-1,652Ki
1560766333,autobahnkreuz-4,660Ki
1560766333,autobahnkreuz-0,680Ki
1560766333,autobahnkreuz-3,716Ki
1560766333,autobahnkreuz-2,636Ki
1560766334,autobahnkreuz-1,652Ki
1560766334,autobahnkreuz-2,636Ki
1560766334,autobahnkreuz-4,660Ki
1560766334,autobahnkreuz-3,716Ki
1560766334,autobahnkreuz-0,680Ki
1560766335,autobahnkreuz-4,660Ki
1560766335,autobahnkreuz-0,680Ki
1560766335,autobahnkreuz-1,652Ki
1560766335,autobahnkreuz-2,636Ki
1560766335,autobahnkreuz-3,716Ki
1560766336,autobahnkreuz-1,652Ki
1560766336,autobahnkreuz-2,636Ki
1560766336,autobahnkreuz-4,660Ki
1560766336,autobahnkreuz-3,716Ki
1560766336,autobahnkreuz-0,680Ki
1560766337,autobahnkreuz-3,716Ki
1560766337,autobahnkreuz-0,680Ki
1560766337,autobahnkreuz-1,652Ki
1560766337,autobahnkreuz-4,660Ki
1560766337,autobahnkreuz-2,636Ki
1560766338,autobahnkreuz-0,680Ki
1560766338,autobahnkreuz-3,716Ki
1560766338,autobahnkreuz-1,652Ki
1560766338,autobahnkreuz-2,636Ki
1560766338,autobahnkreuz-4,660Ki
1560766339,autobahnkreuz-0,680Ki
1560766339,autobahnkreuz-4,660Ki
1560766339,autobahnkreuz-3,716Ki
1560766339,autobahnkreuz-1,652Ki
1560766339,autobahnkreuz-2,636Ki
1560766340,autobahnkreuz-3,716Ki
1560766340,autobahnkreuz-0,680Ki
1560766340,autobahnkreuz-1,652Ki
1560766340,autobahnkreuz-2,636Ki
1560766340,autobahnkreuz-4,660Ki
1560766341,autobahnkreuz-0,680Ki
1560766341,autobahnkreuz-4,660Ki
1560766341,autobahnkreuz-2,636Ki
1560766341,autobahnkreuz-3,716Ki
1560766341,autobahnkreuz-1,652Ki
1560766342,autobahnkreuz-3,716Ki
1560766342,autobahnkreuz-0,680Ki
1560766342,autobahnkreuz-4,660Ki
1560766342,autobahnkreuz-1,652Ki
1560766342,autobahnkreuz-2,636Ki
1560766343,autobahnkreuz-2,636Ki
1560766343,autobahnkreuz-0,680Ki
1560766343,autobahnkreuz-4,660Ki
1560766343,autobahnkreuz-3,716Ki
1560766343,autobahnkreuz-1,652Ki
1560766344,autobahnkreuz-1,652Ki
1560766344,autobahnkreuz-2,636Ki
1560766344,autobahnkreuz-4,660Ki
1560766344,autobahnkreuz-3,716Ki
1560766344,autobahnkreuz-0,680Ki
1560766345,autobahnkreuz-4,660Ki
1560766345,autobahnkreuz-1,652Ki
1560766345,autobahnkreuz-2,636Ki
1560766345,autobahnkreuz-3,716Ki
1560766345,autobahnkreuz-0,680Ki
1560766346,autobahnkreuz-2,636Ki
1560766346,autobahnkreuz-1,652Ki
1560766346,autobahnkreuz-3,716Ki
1560766346,autobahnkreuz-0,680Ki
1560766346,autobahnkreuz-4,660Ki
1560766347,autobahnkreuz-2,636Ki
1560766347,autobahnkreuz-4,660Ki
1560766347,autobahnkreuz-0,680Ki
1560766347,autobahnkreuz-3,716Ki
1560766347,autobahnkreuz-1,652Ki
1560766348,autobahnkreuz-2,636Ki
1560766348,autobahnkreuz-4,660Ki
1560766348,autobahnkreuz-1,652Ki
1560766348,autobahnkreuz-3,716Ki
1560766348,autobahnkreuz-0,680Ki
1560766349,autobahnkreuz-0,680Ki
1560766349,autobahnkreuz-1,652Ki
1560766349,autobahnkreuz-2,636Ki
1560766349,autobahnkreuz-4,660Ki
1560766349,autobahnkreuz-3,716Ki
1560766351,autobahnkreuz-1,652Ki
1560766351,autobahnkreuz-2,636Ki
1560766351,autobahnkreuz-0,680Ki
1560766351,autobahnkreuz-3,716Ki
1560766351,autobahnkreuz-4,660Ki
1560766352,autobahnkreuz-1,652Ki
1560766352,autobahnkreuz-3,716Ki
1560766352,autobahnkreuz-2,636Ki
1560766352,autobahnkreuz-0,680Ki
1560766352,autobahnkreuz-4,660Ki
1560766353,autobahnkreuz-0,680Ki
1560766353,autobahnkreuz-4,660Ki
1560766353,autobahnkreuz-2,636Ki
1560766353,autobahnkreuz-3,716Ki
1560766353,autobahnkreuz-1,652Ki
1560766354,autobahnkreuz-1,652Ki
1560766354,autobahnkreuz-2,636Ki
1560766354,autobahnkreuz-3,716Ki
1560766354,autobahnkreuz-0,680Ki
1560766354,autobahnkreuz-4,660Ki
1560766355,autobahnkreuz-2,636Ki
1560766355,autobahnkreuz-4,660Ki
1560766355,autobahnkreuz-1,652Ki
1560766355,autobahnkreuz-3,716Ki
1560766355,autobahnkreuz-0,680Ki
1560766356,autobahnkreuz-0,680Ki
1560766356,autobahnkreuz-4,660Ki
1560766356,autobahnkreuz-1,652Ki
1560766356,autobahnkreuz-2,636Ki
1560766356,autobahnkreuz-3,716Ki
1560766357,autobahnkreuz-0,680Ki
1560766357,autobahnkreuz-2,636Ki
1560766357,autobahnkreuz-3,716Ki
1560766357,autobahnkreuz-4,660Ki
1560766357,autobahnkreuz-1,652Ki
1560766358,autobahnkreuz-2,636Ki
1560766358,autobahnkreuz-3,716Ki
1560766358,autobahnkreuz-0,680Ki
1560766358,autobahnkreuz-1,652Ki
1560766358,autobahnkreuz-4,660Ki
1560766359,autobahnkreuz-0,680Ki
1560766359,autobahnkreuz-1,652Ki
1560766359,autobahnkreuz-4,660Ki
1560766359,autobahnkreuz-3,716Ki
1560766359,autobahnkreuz-2,636Ki
1560766360,autobahnkreuz-1,652Ki
1560766360,autobahnkreuz-3,716Ki
1560766360,autobahnkreuz-0,680Ki
1560766360,autobahnkreuz-2,636Ki
1560766360,autobahnkreuz-4,660Ki
1560766361,autobahnkreuz-2,636Ki
1560766361,autobahnkreuz-3,716Ki
1560766361,autobahnkreuz-4,660Ki
1560766361,autobahnkreuz-0,680Ki
1560766361,autobahnkreuz-1,652Ki
1560766362,autobahnkreuz-0,680Ki
1560766362,autobahnkreuz-3,716Ki
1560766362,autobahnkreuz-1,652Ki
1560766362,autobahnkreuz-4,660Ki
1560766362,autobahnkreuz-2,636Ki
1560766363,autobahnkreuz-1,652Ki
1560766363,autobahnkreuz-2,636Ki
1560766363,autobahnkreuz-3,716Ki
1560766363,autobahnkreuz-4,660Ki
1560766363,autobahnkreuz-0,680Ki
1560766364,autobahnkreuz-3,716Ki
1560766364,autobahnkreuz-1,652Ki
1560766364,autobahnkreuz-4,660Ki
1560766364,autobahnkreuz-0,680Ki
1560766364,autobahnkreuz-2,636Ki
1560766365,autobahnkreuz-0,680Ki
1560766365,autobahnkreuz-4,660Ki
1560766365,autobahnkreuz-2,636Ki
1560766365,autobahnkreuz-3,716Ki
1560766365,autobahnkreuz-1,652Ki
1560766366,autobahnkreuz-1,652Ki
1560766366,autobahnkreuz-2,636Ki
1560766366,autobahnkreuz-0,680Ki
1560766366,autobahnkreuz-4,660Ki
1560766366,autobahnkreuz-3,716Ki
1560766367,autobahnkreuz-1,652Ki
1560766367,autobahnkreuz-2,636Ki
1560766367,autobahnkreuz-0,680Ki
1560766367,autobahnkreuz-4,660Ki
1560766367,autobahnkreuz-3,716Ki
1560766368,autobahnkreuz-1,652Ki
1560766368,autobahnkreuz-0,680Ki
1560766368,autobahnkreuz-4,660Ki
1560766368,autobahnkreuz-2,636Ki
1560766368,autobahnkreuz-3,716Ki
1560766369,autobahnkreuz-0,680Ki
1560766369,autobahnkreuz-1,652Ki
1560766369,autobahnkreuz-3,716Ki
1560766369,autobahnkreuz-2,636Ki
1560766369,autobahnkreuz-4,660Ki
1560766370,autobahnkreuz-0,680Ki
1560766370,autobahnkreuz-1,652Ki
1560766370,autobahnkreuz-4,660Ki
1560766370,autobahnkreuz-2,636Ki
1560766370,autobahnkreuz-3,716Ki
1560766371,autobahnkreuz-2,636Ki
1560766371,autobahnkreuz-4,660Ki
1560766371,autobahnkreuz-1,652Ki
1560766371,autobahnkreuz-3,716Ki
1560766371,autobahnkreuz-0,680Ki
1560766372,autobahnkreuz-0,680Ki
1560766372,autobahnkreuz-4,660Ki
1560766372,autobahnkreuz-1,652Ki
1560766372,autobahnkreuz-2,636Ki
1560766372,autobahnkreuz-3,716Ki
1560766373,autobahnkreuz-0,680Ki
1560766373,autobahnkreuz-4,660Ki
1560766373,autobahnkreuz-3,716Ki
1560766373,autobahnkreuz-2,636Ki
1560766373,autobahnkreuz-1,652Ki
1560766374,autobahnkreuz-0,680Ki
1560766374,autobahnkreuz-1,652Ki
1560766374,autobahnkreuz-2,636Ki
1560766374,autobahnkreuz-3,716Ki
1560766374,autobahnkreuz-4,660Ki
1560766375,autobahnkreuz-1,652Ki
1560766375,autobahnkreuz-0,680Ki
1560766375,autobahnkreuz-2,636Ki
1560766375,autobahnkreuz-3,716Ki
1560766375,autobahnkreuz-4,660Ki
1560766376,autobahnkreuz-1,652Ki
1560766376,autobahnkreuz-3,716Ki
1560766376,autobahnkreuz-0,680Ki
1560766376,autobahnkreuz-2,636Ki
1560766376,autobahnkreuz-4,660Ki
1560766378,autobahnkreuz-3,716Ki
1560766378,autobahnkreuz-0,680Ki
1560766378,autobahnkreuz-1,652Ki
1560766378,autobahnkreuz-2,636Ki
1560766378,autobahnkreuz-4,660Ki
1560766379,autobahnkreuz-0,680Ki
1560766379,autobahnkreuz-2,636Ki
1560766379,autobahnkreuz-3,716Ki
1560766379,autobahnkreuz-4,660Ki
1560766379,autobahnkreuz-1,652Ki
1560766380,autobahnkreuz-2,636Ki
1560766380,autobahnkreuz-0,680Ki
1560766380,autobahnkreuz-3,716Ki
1560766380,autobahnkreuz-4,660Ki
1560766380,autobahnkreuz-1,652Ki
1560766381,autobahnkreuz-1,652Ki
1560766381,autobahnkreuz-3,716Ki
1560766381,autobahnkreuz-2,636Ki
1560766381,autobahnkreuz-4,660Ki
1560766381,autobahnkreuz-0,680Ki
1560766382,autobahnkreuz-4,660Ki
1560766382,autobahnkreuz-2,636Ki
1560766382,autobahnkreuz-0,680Ki
1560766382,autobahnkreuz-1,652Ki
1560766382,autobahnkreuz-3,716Ki
1560766383,autobahnkreuz-1,652Ki
1560766383,autobahnkreuz-3,716Ki
1560766383,autobahnkreuz-0,680Ki
1560766383,autobahnkreuz-2,636Ki
1560766383,autobahnkreuz-4,660Ki
1560766384,autobahnkreuz-0,680Ki
1560766384,autobahnkreuz-3,716Ki
1560766384,autobahnkreuz-4,660Ki
1560766384,autobahnkreuz-1,652Ki
1560766384,autobahnkreuz-2,636Ki
1560766385,autobahnkreuz-3,716Ki
1560766385,autobahnkreuz-0,680Ki
1560766385,autobahnkreuz-4,660Ki
1560766385,autobahnkreuz-1,652Ki
1560766385,autobahnkreuz-2,636Ki
1560766386,autobahnkreuz-3,716Ki
1560766386,autobahnkreuz-0,680Ki
1560766386,autobahnkreuz-4,660Ki
1560766386,autobahnkreuz-1,652Ki
1560766386,autobahnkreuz-2,636Ki
1560766387,autobahnkreuz-0,680Ki
1560766387,autobahnkreuz-4,660Ki
1560766387,autobahnkreuz-3,716Ki
1560766387,autobahnkreuz-1,652Ki
1560766387,autobahnkreuz-2,636Ki
1560766388,autobahnkreuz-0,680Ki
1560766388,autobahnkreuz-4,660Ki
1560766388,autobahnkreuz-1,652Ki
1560766388,autobahnkreuz-2,636Ki
1560766388,autobahnkreuz-3,716Ki
1560766389,autobahnkreuz-0,680Ki
1560766389,autobahnkreuz-2,636Ki
1560766389,autobahnkreuz-4,660Ki
1560766389,autobahnkreuz-3,716Ki
1560766389,autobahnkreuz-1,652Ki
1560766390,autobahnkreuz-0,680Ki
1560766390,autobahnkreuz-1,652Ki
1560766390,autobahnkreuz-2,636Ki
1560766390,autobahnkreuz-3,716Ki
1560766390,autobahnkreuz-4,660Ki
1560766391,autobahnkreuz-0,680Ki
1560766391,autobahnkreuz-1,652Ki
1560766391,autobahnkreuz-3,716Ki
1560766391,autobahnkreuz-4,660Ki
1560766391,autobahnkreuz-2,636Ki
1560766392,autobahnkreuz-4,660Ki
1560766392,autobahnkreuz-1,652Ki
1560766392,autobahnkreuz-0,680Ki
1560766392,autobahnkreuz-2,636Ki
1560766392,autobahnkreuz-3,716Ki
1560766393,autobahnkreuz-3,716Ki
1560766393,autobahnkreuz-0,680Ki
1560766393,autobahnkreuz-4,660Ki
1560766393,autobahnkreuz-1,652Ki
1560766393,autobahnkreuz-2,636Ki
1560766394,autobahnkreuz-1,652Ki
1560766394,autobahnkreuz-4,660Ki
1560766394,autobahnkreuz-0,680Ki
1560766394,autobahnkreuz-2,636Ki
1560766394,autobahnkreuz-3,716Ki
1560766395,autobahnkreuz-4,660Ki
1560766395,autobahnkreuz-2,636Ki
1560766395,autobahnkreuz-0,680Ki
1560766395,autobahnkreuz-3,716Ki
1560766395,autobahnkreuz-1,652Ki
1560766396,autobahnkreuz-4,660Ki
1560766396,autobahnkreuz-1,652Ki
1560766396,autobahnkreuz-2,636Ki
1560766396,autobahnkreuz-3,716Ki
1560766396,autobahnkreuz-0,680Ki
1560766397,autobahnkreuz-0,680Ki
1560766397,autobahnkreuz-4,660Ki
1560766397,autobahnkreuz-3,716Ki
1560766397,autobahnkreuz-1,652Ki
1560766397,autobahnkreuz-2,636Ki
1560766398,autobahnkreuz-2,636Ki
1560766398,autobahnkreuz-3,716Ki
1560766398,autobahnkreuz-1,652Ki
1560766398,autobahnkreuz-0,680Ki
1560766398,autobahnkreuz-4,660Ki
1560766399,autobahnkreuz-0,680Ki
1560766399,autobahnkreuz-1,652Ki
1560766399,autobahnkreuz-2,636Ki
1560766399,autobahnkreuz-3,716Ki
1560766399,autobahnkreuz-4,660Ki
1560766400,autobahnkreuz-3,716Ki
1560766400,autobahnkreuz-0,680Ki
1560766400,autobahnkreuz-1,652Ki
1560766400,autobahnkreuz-2,636Ki
1560766400,autobahnkreuz-4,660Ki
1560766401,autobahnkreuz-4,660Ki
1560766401,autobahnkreuz-0,680Ki
1560766401,autobahnkreuz-2,636Ki
1560766401,autobahnkreuz-3,716Ki
1560766401,autobahnkreuz-1,652Ki
1560766402,autobahnkreuz-0,680Ki
1560766402,autobahnkreuz-1,652Ki
1560766402,autobahnkreuz-2,636Ki
1560766402,autobahnkreuz-4,660Ki
1560766402,autobahnkreuz-3,716Ki
1560766403,autobahnkreuz-1,652Ki
1560766403,autobahnkreuz-2,636Ki
1560766403,autobahnkreuz-3,716Ki
1560766403,autobahnkreuz-0,680Ki
1560766403,autobahnkreuz-4,660Ki
1560766405,autobahnkreuz-0,680Ki
1560766405,autobahnkreuz-1,652Ki
1560766405,autobahnkreuz-3,716Ki
1560766405,autobahnkreuz-2,636Ki
1560766405,autobahnkreuz-4,660Ki
1560766406,autobahnkreuz-4,660Ki
1560766406,autobahnkreuz-3,716Ki
1560766406,autobahnkreuz-0,680Ki
1560766406,autobahnkreuz-1,652Ki
1560766406,autobahnkreuz-2,636Ki
1560766407,autobahnkreuz-4,660Ki
1560766407,autobahnkreuz-2,636Ki
1560766407,autobahnkreuz-3,716Ki
1560766407,autobahnkreuz-0,680Ki
1560766407,autobahnkreuz-1,652Ki
1560766408,autobahnkreuz-2,636Ki
1560766408,autobahnkreuz-1,652Ki
1560766408,autobahnkreuz-0,680Ki
1560766408,autobahnkreuz-3,716Ki
1560766408,autobahnkreuz-4,660Ki
1560766409,autobahnkreuz-1,652Ki
1560766409,autobahnkreuz-3,716Ki
1560766409,autobahnkreuz-0,680Ki
1560766409,autobahnkreuz-4,660Ki
1560766409,autobahnkreuz-2,636Ki
1560766410,autobahnkreuz-0,680Ki
1560766410,autobahnkreuz-1,652Ki
1560766410,autobahnkreuz-2,636Ki
1560766410,autobahnkreuz-3,716Ki
1560766410,autobahnkreuz-4,660Ki
1560766411,autobahnkreuz-1,652Ki
1560766411,autobahnkreuz-3,716Ki
1560766411,autobahnkreuz-4,660Ki
1560766411,autobahnkreuz-0,680Ki
1560766411,autobahnkreuz-2,636Ki
1560766412,autobahnkreuz-3,716Ki
1560766412,autobahnkreuz-0,680Ki
1560766412,autobahnkreuz-2,636Ki
1560766412,autobahnkreuz-1,652Ki
1560766412,autobahnkreuz-4,660Ki
1560766413,autobahnkreuz-0,680Ki
1560766413,autobahnkreuz-4,660Ki
1560766413,autobahnkreuz-2,636Ki
1560766413,autobahnkreuz-3,716Ki
1560766413,autobahnkreuz-1,652Ki
1560766414,autobahnkreuz-3,716Ki
1560766414,autobahnkreuz-4,660Ki
1560766414,autobahnkreuz-0,680Ki
1560766414,autobahnkreuz-2,636Ki
1560766414,autobahnkreuz-1,652Ki
1560766415,autobahnkreuz-0,680Ki
1560766415,autobahnkreuz-4,660Ki
1560766415,autobahnkreuz-3,716Ki
1560766415,autobahnkreuz-1,652Ki
1560766415,autobahnkreuz-2,636Ki
1560766416,autobahnkreuz-1,652Ki
1560766416,autobahnkreuz-2,636Ki
1560766416,autobahnkreuz-3,716Ki
1560766416,autobahnkreuz-0,680Ki
1560766416,autobahnkreuz-4,660Ki
1560766417,autobahnkreuz-2,636Ki
1560766417,autobahnkreuz-4,660Ki
1560766417,autobahnkreuz-1,652Ki
1560766417,autobahnkreuz-3,716Ki
1560766417,autobahnkreuz-0,680Ki
1560766418,autobahnkreuz-3,716Ki
1560766418,autobahnkreuz-0,680Ki
1560766418,autobahnkreuz-4,660Ki
1560766418,autobahnkreuz-2,636Ki
1560766418,autobahnkreuz-1,652Ki
1560766419,autobahnkreuz-3,716Ki
1560766419,autobahnkreuz-0,680Ki
1560766419,autobahnkreuz-4,660Ki
1560766419,autobahnkreuz-2,636Ki
1560766419,autobahnkreuz-1,652Ki
1560766420,autobahnkreuz-1,652Ki
1560766420,autobahnkreuz-2,636Ki
1560766420,autobahnkreuz-4,660Ki
1560766420,autobahnkreuz-3,716Ki
1560766420,autobahnkreuz-0,680Ki
1560766421,autobahnkreuz-2,636Ki
1560766421,autobahnkreuz-0,680Ki
1560766421,autobahnkreuz-1,652Ki
1560766421,autobahnkreuz-4,660Ki
1560766421,autobahnkreuz-3,716Ki
1560766422,autobahnkreuz-4,660Ki
1560766422,autobahnkreuz-3,716Ki
1560766422,autobahnkreuz-0,680Ki
1560766422,autobahnkreuz-1,652Ki
1560766422,autobahnkreuz-2,636Ki
1560766423,autobahnkreuz-2,636Ki
1560766423,autobahnkreuz-3,716Ki
1560766423,autobahnkreuz-1,652Ki
1560766423,autobahnkreuz-0,680Ki
1560766423,autobahnkreuz-4,660Ki
1560766424,autobahnkreuz-1,652Ki
1560766424,autobahnkreuz-0,680Ki
1560766424,autobahnkreuz-2,636Ki
1560766424,autobahnkreuz-4,660Ki
1560766424,autobahnkreuz-3,716Ki
1560766425,autobahnkreuz-0,680Ki
1560766425,autobahnkreuz-3,716Ki
1560766425,autobahnkreuz-4,660Ki
1560766425,autobahnkreuz-2,636Ki
1560766425,autobahnkreuz-1,652Ki
1560766426,autobahnkreuz-0,680Ki
1560766426,autobahnkreuz-4,660Ki
1560766426,autobahnkreuz-1,652Ki
1560766426,autobahnkreuz-3,716Ki
1560766426,autobahnkreuz-2,636Ki
1560766427,autobahnkreuz-0,680Ki
1560766427,autobahnkreuz-3,716Ki
1560766427,autobahnkreuz-1,652Ki
1560766427,autobahnkreuz-2,636Ki
1560766427,autobahnkreuz-4,660Ki
1560766428,autobahnkreuz-3,716Ki
1560766428,autobahnkreuz-0,680Ki
1560766428,autobahnkreuz-2,636Ki
1560766428,autobahnkreuz-4,660Ki
1560766428,autobahnkreuz-1,652Ki
1560766429,autobahnkreuz-0,680Ki
1560766429,autobahnkreuz-1,652Ki
1560766429,autobahnkreuz-4,660Ki
1560766429,autobahnkreuz-3,716Ki
1560766429,autobahnkreuz-2,636Ki
1560766430,autobahnkreuz-2,636Ki
1560766430,autobahnkreuz-3,716Ki
1560766430,autobahnkreuz-0,680Ki
1560766430,autobahnkreuz-1,652Ki
1560766430,autobahnkreuz-4,660Ki
1560766431,autobahnkreuz-3,716Ki
1560766431,autobahnkreuz-4,660Ki
1560766431,autobahnkreuz-1,652Ki
1560766431,autobahnkreuz-2,636Ki
1560766431,autobahnkreuz-0,680Ki
1560766433,autobahnkreuz-4,660Ki
1560766433,autobahnkreuz-3,716Ki
1560766433,autobahnkreuz-2,636Ki
1560766433,autobahnkreuz-1,652Ki
1560766433,autobahnkreuz-0,680Ki
1560766434,autobahnkreuz-4,660Ki
1560766434,autobahnkreuz-1,652Ki
1560766434,autobahnkreuz-2,636Ki
1560766434,autobahnkreuz-3,716Ki
1560766434,autobahnkreuz-0,680Ki
1560766435,autobahnkreuz-3,716Ki
1560766435,autobahnkreuz-4,660Ki
1560766435,autobahnkreuz-1,652Ki
1560766435,autobahnkreuz-0,680Ki
1560766435,autobahnkreuz-2,636Ki
1560766436,autobahnkreuz-2,636Ki
1560766436,autobahnkreuz-3,716Ki
1560766436,autobahnkreuz-0,680Ki
1560766436,autobahnkreuz-4,660Ki
1560766436,autobahnkreuz-1,652Ki
1560766438,autobahnkreuz-3,716Ki
1560766438,autobahnkreuz-0,680Ki
1560766438,autobahnkreuz-2,636Ki
1560766438,autobahnkreuz-4,660Ki
1560766438,autobahnkreuz-1,652Ki
1560766439,autobahnkreuz-1,652Ki
1560766439,autobahnkreuz-0,680Ki
1560766439,autobahnkreuz-2,636Ki
1560766439,autobahnkreuz-3,716Ki
1560766439,autobahnkreuz-4,660Ki
1560766440,autobahnkreuz-4,660Ki
1560766440,autobahnkreuz-2,636Ki
1560766440,autobahnkreuz-3,716Ki
1560766440,autobahnkreuz-0,680Ki
1560766440,autobahnkreuz-1,652Ki
1560766441,autobahnkreuz-4,660Ki
1560766441,autobahnkreuz-1,652Ki
1560766441,autobahnkreuz-0,680Ki
1560766441,autobahnkreuz-3,716Ki
1560766441,autobahnkreuz-2,636Ki
1560766442,autobahnkreuz-4,660Ki
1560766442,autobahnkreuz-2,636Ki
1560766442,autobahnkreuz-1,652Ki
1560766442,autobahnkreuz-0,680Ki
1560766442,autobahnkreuz-3,716Ki
1560766443,autobahnkreuz-0,680Ki
1560766443,autobahnkreuz-1,652Ki
1560766443,autobahnkreuz-2,636Ki
1560766443,autobahnkreuz-3,716Ki
1560766443,autobahnkreuz-4,660Ki
1560766444,autobahnkreuz-3,716Ki
1560766444,autobahnkreuz-0,680Ki
1560766444,autobahnkreuz-2,636Ki
1560766444,autobahnkreuz-1,652Ki
1560766444,autobahnkreuz-4,660Ki
1560766445,autobahnkreuz-3,716Ki
1560766445,autobahnkreuz-2,636Ki
1560766445,autobahnkreuz-1,652Ki
1560766445,autobahnkreuz-0,680Ki
1560766445,autobahnkreuz-4,660Ki
1560766446,autobahnkreuz-0,680Ki
1560766446,autobahnkreuz-2,636Ki
1560766446,autobahnkreuz-3,716Ki
1560766446,autobahnkreuz-4,660Ki
1560766446,autobahnkreuz-1,652Ki
1560766447,autobahnkreuz-0,680Ki
1560766447,autobahnkreuz-4,660Ki
1560766447,autobahnkreuz-1,652Ki
1560766447,autobahnkreuz-2,636Ki
1560766447,autobahnkreuz-3,716Ki
1560766448,autobahnkreuz-4,660Ki
1560766448,autobahnkreuz-2,636Ki
1560766448,autobahnkreuz-1,652Ki
1560766448,autobahnkreuz-3,716Ki
1560766448,autobahnkreuz-0,680Ki
1560766449,autobahnkreuz-2,636Ki
1560766449,autobahnkreuz-0,680Ki
1560766449,autobahnkreuz-4,660Ki
1560766449,autobahnkreuz-3,716Ki
1560766449,autobahnkreuz-1,652Ki
1560766450,autobahnkreuz-4,660Ki
1560766450,autobahnkreuz-3,716Ki
1560766450,autobahnkreuz-1,652Ki
1560766450,autobahnkreuz-0,680Ki
1560766450,autobahnkreuz-2,636Ki
1560766451,autobahnkreuz-4,660Ki
1560766451,autobahnkreuz-3,716Ki
1560766451,autobahnkreuz-0,680Ki
1560766451,autobahnkreuz-1,652Ki
1560766451,autobahnkreuz-2,636Ki
1560766452,autobahnkreuz-1,652Ki
1560766452,autobahnkreuz-0,680Ki
1560766452,autobahnkreuz-4,660Ki
1560766452,autobahnkreuz-2,636Ki
1560766452,autobahnkreuz-3,716Ki
1560766453,autobahnkreuz-0,680Ki
1560766453,autobahnkreuz-4,660Ki
1560766453,autobahnkreuz-1,652Ki
1560766453,autobahnkreuz-3,716Ki
1560766453,autobahnkreuz-2,636Ki
1560766454,autobahnkreuz-0,680Ki
1560766454,autobahnkreuz-3,716Ki
1560766454,autobahnkreuz-1,652Ki
1560766454,autobahnkreuz-2,636Ki
1560766454,autobahnkreuz-4,660Ki
1560766455,autobahnkreuz-2,636Ki
1560766455,autobahnkreuz-0,680Ki
1560766455,autobahnkreuz-4,660Ki
1560766455,autobahnkreuz-1,652Ki
1560766455,autobahnkreuz-3,716Ki
1560766456,autobahnkreuz-0,680Ki
1560766456,autobahnkreuz-1,652Ki
1560766456,autobahnkreuz-2,636Ki
1560766456,autobahnkreuz-3,716Ki
1560766456,autobahnkreuz-4,660Ki
1560766457,autobahnkreuz-2,636Ki
1560766457,autobahnkreuz-3,716Ki
1560766457,autobahnkreuz-0,680Ki
1560766457,autobahnkreuz-1,652Ki
1560766457,autobahnkreuz-4,660Ki
1560766458,autobahnkreuz-4,660Ki
1560766458,autobahnkreuz-3,716Ki
1560766458,autobahnkreuz-0,680Ki
1560766458,autobahnkreuz-1,652Ki
1560766458,autobahnkreuz-2,636Ki
1560766459,autobahnkreuz-3,716Ki
1560766459,autobahnkreuz-0,680Ki
1560766459,autobahnkreuz-4,660Ki
1560766459,autobahnkreuz-2,636Ki
1560766459,autobahnkreuz-1,652Ki
1560766460,autobahnkreuz-1,652Ki
1560766460,autobahnkreuz-2,636Ki
1560766460,autobahnkreuz-3,716Ki
1560766460,autobahnkreuz-0,680Ki
1560766460,autobahnkreuz-4,660Ki
1560766462,autobahnkreuz-3,716Ki
1560766462,autobahnkreuz-0,680Ki
1560766462,autobahnkreuz-4,660Ki
1560766462,autobahnkreuz-1,652Ki
1560766462,autobahnkreuz-2,636Ki
1560766463,autobahnkreuz-1,652Ki
1560766463,autobahnkreuz-4,660Ki
1560766463,autobahnkreuz-2,636Ki
1560766463,autobahnkreuz-3,716Ki
1560766463,autobahnkreuz-0,680Ki
1560766464,autobahnkreuz-1,652Ki
1560766464,autobahnkreuz-4,660Ki
1560766464,autobahnkreuz-0,680Ki
1560766464,autobahnkreuz-2,636Ki
1560766464,autobahnkreuz-3,716Ki
1560766465,autobahnkreuz-4,660Ki
1560766465,autobahnkreuz-1,652Ki
1560766465,autobahnkreuz-2,636Ki
1560766465,autobahnkreuz-3,716Ki
1560766465,autobahnkreuz-0,680Ki
1560766466,autobahnkreuz-3,716Ki
1560766466,autobahnkreuz-0,680Ki
1560766466,autobahnkreuz-4,660Ki
1560766466,autobahnkreuz-1,652Ki
1560766466,autobahnkreuz-2,636Ki
1560766467,autobahnkreuz-4,660Ki
1560766467,autobahnkreuz-2,636Ki
1560766467,autobahnkreuz-1,652Ki
1560766467,autobahnkreuz-3,716Ki
1560766467,autobahnkreuz-0,680Ki
1560766468,autobahnkreuz-4,660Ki
1560766468,autobahnkreuz-3,716Ki
1560766468,autobahnkreuz-1,652Ki
1560766468,autobahnkreuz-2,636Ki
1560766468,autobahnkreuz-0,680Ki
1560766469,autobahnkreuz-4,660Ki
1560766469,autobahnkreuz-1,652Ki
1560766469,autobahnkreuz-2,636Ki
1560766469,autobahnkreuz-0,680Ki
1560766469,autobahnkreuz-3,716Ki
1560766470,autobahnkreuz-1,652Ki
1560766470,autobahnkreuz-2,636Ki
1560766470,autobahnkreuz-3,716Ki
1560766470,autobahnkreuz-4,660Ki
1560766470,autobahnkreuz-0,680Ki
1560766471,autobahnkreuz-1,652Ki
1560766471,autobahnkreuz-0,680Ki
1560766471,autobahnkreuz-3,716Ki
1560766471,autobahnkreuz-4,660Ki
1560766471,autobahnkreuz-2,636Ki
1560766472,autobahnkreuz-3,716Ki
1560766472,autobahnkreuz-2,636Ki
1560766472,autobahnkreuz-4,660Ki
1560766472,autobahnkreuz-0,680Ki
1560766472,autobahnkreuz-1,652Ki
1560766473,autobahnkreuz-1,652Ki
1560766473,autobahnkreuz-2,636Ki
1560766473,autobahnkreuz-0,680Ki
1560766473,autobahnkreuz-4,660Ki
1560766473,autobahnkreuz-3,716Ki
1560766474,autobahnkreuz-1,652Ki
1560766474,autobahnkreuz-4,660Ki
1560766474,autobahnkreuz-0,680Ki
1560766474,autobahnkreuz-2,636Ki
1560766474,autobahnkreuz-3,716Ki
1560766475,autobahnkreuz-3,716Ki
1560766475,autobahnkreuz-1,652Ki
1560766475,autobahnkreuz-0,680Ki
1560766475,autobahnkreuz-4,660Ki
1560766475,autobahnkreuz-2,636Ki
1560766476,autobahnkreuz-1,652Ki
1560766476,autobahnkreuz-0,680Ki
1560766476,autobahnkreuz-3,716Ki
1560766476,autobahnkreuz-2,636Ki
1560766476,autobahnkreuz-4,660Ki
1560766477,autobahnkreuz-4,660Ki
1560766477,autobahnkreuz-2,636Ki
1560766477,autobahnkreuz-3,716Ki
1560766477,autobahnkreuz-0,680Ki
1560766477,autobahnkreuz-1,652Ki
1560766478,autobahnkreuz-1,652Ki
1560766478,autobahnkreuz-3,716Ki
1560766478,autobahnkreuz-0,680Ki
1560766478,autobahnkreuz-4,660Ki
1560766478,autobahnkreuz-2,636Ki
1560766479,autobahnkreuz-3,716Ki
1560766479,autobahnkreuz-1,652Ki
1560766479,autobahnkreuz-2,636Ki
1560766479,autobahnkreuz-0,680Ki
1560766479,autobahnkreuz-4,660Ki
1560766480,autobahnkreuz-0,680Ki
1560766480,autobahnkreuz-1,652Ki
1560766480,autobahnkreuz-4,660Ki
1560766480,autobahnkreuz-3,716Ki
1560766480,autobahnkreuz-2,636Ki
1560766481,autobahnkreuz-3,716Ki
1560766481,autobahnkreuz-0,680Ki
1560766481,autobahnkreuz-1,652Ki
1560766481,autobahnkreuz-2,636Ki
1560766481,autobahnkreuz-4,660Ki
1560766482,autobahnkreuz-1,652Ki
1560766482,autobahnkreuz-0,680Ki
1560766482,autobahnkreuz-4,660Ki
1560766482,autobahnkreuz-2,636Ki
1560766482,autobahnkreuz-3,716Ki
1560766483,autobahnkreuz-3,716Ki
1560766483,autobahnkreuz-0,680Ki
1560766483,autobahnkreuz-4,660Ki
1560766483,autobahnkreuz-2,636Ki
1560766483,autobahnkreuz-1,652Ki
1560766484,autobahnkreuz-1,652Ki
1560766484,autobahnkreuz-2,636Ki
1560766484,autobahnkreuz-3,716Ki
1560766484,autobahnkreuz-0,680Ki
1560766484,autobahnkreuz-4,660Ki
1560766485,autobahnkreuz-3,716Ki
1560766485,autobahnkreuz-1,652Ki
1560766485,autobahnkreuz-2,636Ki
1560766485,autobahnkreuz-0,680Ki
1560766485,autobahnkreuz-4,660Ki
1560766486,autobahnkreuz-3,716Ki
1560766486,autobahnkreuz-1,652Ki
1560766486,autobahnkreuz-2,636Ki
1560766486,autobahnkreuz-0,680Ki
1560766486,autobahnkreuz-4,660Ki
1560766487,autobahnkreuz-2,636Ki
1560766487,autobahnkreuz-4,660Ki
1560766487,autobahnkreuz-1,652Ki
1560766487,autobahnkreuz-3,716Ki
1560766487,autobahnkreuz-0,680Ki
1560766489,autobahnkreuz-2,636Ki
1560766489,autobahnkreuz-3,716Ki
1560766489,autobahnkreuz-0,680Ki
1560766489,autobahnkreuz-1,652Ki
1560766489,autobahnkreuz-4,660Ki
1560766490,autobahnkreuz-0,680Ki
1560766490,autobahnkreuz-4,660Ki
1560766490,autobahnkreuz-2,636Ki
1560766490,autobahnkreuz-3,716Ki
1560766490,autobahnkreuz-1,652Ki
1560766491,autobahnkreuz-3,716Ki
1560766491,autobahnkreuz-4,660Ki
1560766491,autobahnkreuz-2,636Ki
1560766491,autobahnkreuz-0,680Ki
1560766491,autobahnkreuz-1,652Ki
1560766492,autobahnkreuz-3,716Ki
1560766492,autobahnkreuz-1,652Ki
1560766492,autobahnkreuz-2,636Ki
1560766492,autobahnkreuz-0,680Ki
1560766492,autobahnkreuz-4,660Ki
1560766493,autobahnkreuz-3,716Ki
1560766493,autobahnkreuz-0,680Ki
1560766493,autobahnkreuz-4,660Ki
1560766493,autobahnkreuz-1,652Ki
1560766493,autobahnkreuz-2,636Ki
1560766494,autobahnkreuz-1,652Ki
1560766494,autobahnkreuz-3,716Ki
1560766494,autobahnkreuz-4,660Ki
1560766494,autobahnkreuz-0,680Ki
1560766494,autobahnkreuz-2,636Ki
1560766495,autobahnkreuz-0,680Ki
1560766495,autobahnkreuz-1,652Ki
1560766495,autobahnkreuz-4,660Ki
1560766495,autobahnkreuz-2,636Ki
1560766495,autobahnkreuz-3,716Ki
1560766496,autobahnkreuz-0,680Ki
1560766496,autobahnkreuz-1,652Ki
1560766496,autobahnkreuz-3,716Ki
1560766496,autobahnkreuz-2,636Ki
1560766496,autobahnkreuz-4,660Ki
1560766497,autobahnkreuz-3,716Ki
1560766497,autobahnkreuz-0,680Ki
1560766497,autobahnkreuz-2,636Ki
1560766497,autobahnkreuz-4,660Ki
1560766497,autobahnkreuz-1,652Ki
1560766498,autobahnkreuz-0,680Ki
1560766498,autobahnkreuz-1,652Ki
1560766498,autobahnkreuz-2,636Ki
1560766498,autobahnkreuz-3,716Ki
1560766498,autobahnkreuz-4,660Ki
1560766499,autobahnkreuz-4,660Ki
1560766499,autobahnkreuz-3,716Ki
1560766499,autobahnkreuz-1,652Ki
1560766499,autobahnkreuz-0,680Ki
1560766499,autobahnkreuz-2,636Ki
1560766500,autobahnkreuz-0,680Ki
1560766500,autobahnkreuz-4,660Ki
1560766500,autobahnkreuz-1,652Ki
1560766500,autobahnkreuz-2,636Ki
1560766500,autobahnkreuz-3,716Ki
1560766501,autobahnkreuz-2,636Ki
1560766501,autobahnkreuz-4,660Ki
1560766501,autobahnkreuz-3,716Ki
1560766501,autobahnkreuz-0,680Ki
1560766501,autobahnkreuz-1,652Ki
1560766502,autobahnkreuz-0,680Ki
1560766502,autobahnkreuz-1,652Ki
1560766502,autobahnkreuz-3,716Ki
1560766502,autobahnkreuz-4,660Ki
1560766502,autobahnkreuz-2,636Ki
1560766503,autobahnkreuz-3,716Ki
1560766503,autobahnkreuz-0,680Ki
1560766503,autobahnkreuz-2,636Ki
1560766503,autobahnkreuz-1,652Ki
1560766503,autobahnkreuz-4,660Ki
1560766504,autobahnkreuz-3,716Ki
1560766504,autobahnkreuz-0,680Ki
1560766504,autobahnkreuz-1,652Ki
1560766504,autobahnkreuz-2,636Ki
1560766504,autobahnkreuz-4,660Ki
1560766505,autobahnkreuz-1,652Ki
1560766505,autobahnkreuz-2,636Ki
1560766505,autobahnkreuz-0,680Ki
1560766505,autobahnkreuz-4,660Ki
1560766505,autobahnkreuz-3,716Ki
1560766506,autobahnkreuz-0,680Ki
1560766506,autobahnkreuz-4,660Ki
1560766506,autobahnkreuz-1,652Ki
1560766506,autobahnkreuz-3,716Ki
1560766506,autobahnkreuz-2,636Ki
1560766507,autobahnkreuz-4,660Ki
1560766507,autobahnkreuz-0,680Ki
1560766507,autobahnkreuz-1,652Ki
1560766507,autobahnkreuz-3,716Ki
1560766507,autobahnkreuz-2,636Ki
1560766508,autobahnkreuz-3,716Ki
1560766508,autobahnkreuz-4,660Ki
1560766508,autobahnkreuz-0,680Ki
1560766508,autobahnkreuz-1,652Ki
1560766508,autobahnkreuz-2,636Ki
1560766509,autobahnkreuz-0,680Ki
1560766509,autobahnkreuz-1,652Ki
1560766509,autobahnkreuz-2,636Ki
1560766509,autobahnkreuz-3,716Ki
1560766509,autobahnkreuz-4,660Ki
1560766510,autobahnkreuz-3,716Ki
1560766510,autobahnkreuz-0,680Ki
1560766510,autobahnkreuz-2,636Ki
1560766510,autobahnkreuz-4,660Ki
1560766510,autobahnkreuz-1,652Ki
1560766511,autobahnkreuz-3,716Ki
1560766511,autobahnkreuz-4,660Ki
1560766511,autobahnkreuz-2,636Ki
1560766511,autobahnkreuz-1,652Ki
1560766511,autobahnkreuz-0,680Ki
1560766512,autobahnkreuz-0,680Ki
1560766512,autobahnkreuz-4,660Ki
1560766512,autobahnkreuz-3,716Ki
1560766512,autobahnkreuz-2,636Ki
1560766512,autobahnkreuz-1,652Ki
1560766514,autobahnkreuz-4,660Ki
1560766514,autobahnkreuz-0,680Ki
1560766514,autobahnkreuz-3,716Ki
1560766514,autobahnkreuz-1,652Ki
1560766514,autobahnkreuz-2,636Ki
1560766515,autobahnkreuz-4,660Ki
1560766515,autobahnkreuz-1,652Ki
1560766515,autobahnkreuz-0,680Ki
1560766515,autobahnkreuz-2,636Ki
1560766515,autobahnkreuz-3,716Ki
1560766516,autobahnkreuz-3,716Ki
1560766516,autobahnkreuz-2,636Ki
1560766516,autobahnkreuz-4,660Ki
1560766516,autobahnkreuz-1,652Ki
1560766516,autobahnkreuz-0,680Ki
1560766517,autobahnkreuz-2,636Ki
1560766517,autobahnkreuz-3,716Ki
1560766517,autobahnkreuz-0,680Ki
1560766517,autobahnkreuz-4,660Ki
1560766517,autobahnkreuz-1,652Ki
1560766518,autobahnkreuz-1,652Ki
1560766518,autobahnkreuz-2,636Ki
1560766518,autobahnkreuz-3,716Ki
1560766518,autobahnkreuz-4,660Ki
1560766518,autobahnkreuz-0,680Ki
1560766519,autobahnkreuz-4,660Ki
1560766519,autobahnkreuz-3,716Ki
1560766519,autobahnkreuz-1,652Ki
1560766519,autobahnkreuz-2,636Ki
1560766519,autobahnkreuz-0,680Ki
1560766520,autobahnkreuz-4,660Ki
1560766520,autobahnkreuz-2,636Ki
1560766520,autobahnkreuz-1,652Ki
1560766520,autobahnkreuz-3,716Ki
1560766520,autobahnkreuz-0,680Ki
1560766521,autobahnkreuz-0,680Ki
1560766521,autobahnkreuz-1,652Ki
1560766521,autobahnkreuz-2,636Ki
1560766521,autobahnkreuz-3,716Ki
1560766521,autobahnkreuz-4,660Ki
1560766522,autobahnkreuz-1,652Ki
1560766522,autobahnkreuz-3,716Ki
1560766522,autobahnkreuz-0,680Ki
1560766522,autobahnkreuz-4,660Ki
1560766522,autobahnkreuz-2,636Ki
1560766523,autobahnkreuz-3,716Ki
1560766523,autobahnkreuz-4,660Ki
1560766523,autobahnkreuz-0,680Ki
1560766523,autobahnkreuz-1,652Ki
1560766523,autobahnkreuz-2,636Ki
1560766524,autobahnkreuz-3,716Ki
1560766524,autobahnkreuz-4,660Ki
1560766524,autobahnkreuz-1,652Ki
1560766524,autobahnkreuz-2,636Ki
1560766524,autobahnkreuz-0,680Ki
1560766525,autobahnkreuz-3,716Ki
1560766525,autobahnkreuz-0,680Ki
1560766525,autobahnkreuz-1,652Ki
1560766525,autobahnkreuz-4,660Ki
1560766525,autobahnkreuz-2,636Ki
1560766526,autobahnkreuz-4,660Ki
1560766526,autobahnkreuz-1,652Ki
1560766526,autobahnkreuz-2,636Ki
1560766526,autobahnkreuz-0,680Ki
1560766526,autobahnkreuz-3,716Ki
1560766527,autobahnkreuz-1,652Ki
1560766527,autobahnkreuz-3,716Ki
1560766527,autobahnkreuz-4,660Ki
1560766527,autobahnkreuz-2,636Ki
1560766527,autobahnkreuz-0,680Ki
1560766528,autobahnkreuz-3,716Ki
1560766528,autobahnkreuz-0,680Ki
1560766528,autobahnkreuz-1,652Ki
1560766528,autobahnkreuz-2,636Ki
1560766528,autobahnkreuz-4,660Ki
1560766529,autobahnkreuz-1,652Ki
1560766529,autobahnkreuz-0,680Ki
1560766529,autobahnkreuz-4,660Ki
1560766529,autobahnkreuz-2,636Ki
1560766529,autobahnkreuz-3,716Ki
1560766530,autobahnkreuz-2,636Ki
1560766530,autobahnkreuz-3,716Ki
1560766530,autobahnkreuz-1,652Ki
1560766530,autobahnkreuz-4,660Ki
1560766530,autobahnkreuz-0,680Ki
1560766531,autobahnkreuz-2,636Ki
1560766531,autobahnkreuz-4,660Ki
1560766531,autobahnkreuz-3,716Ki
1560766531,autobahnkreuz-1,652Ki
1560766531,autobahnkreuz-0,680Ki
1560766532,autobahnkreuz-2,636Ki
1560766532,autobahnkreuz-4,660Ki
1560766532,autobahnkreuz-1,652Ki
1560766532,autobahnkreuz-3,716Ki
1560766532,autobahnkreuz-0,680Ki
1560766533,autobahnkreuz-3,716Ki
1560766533,autobahnkreuz-2,636Ki
1560766533,autobahnkreuz-0,680Ki
1560766533,autobahnkreuz-4,660Ki
1560766533,autobahnkreuz-1,652Ki
1560766534,autobahnkreuz-3,716Ki
1560766534,autobahnkreuz-4,660Ki
1560766534,autobahnkreuz-2,636Ki
1560766534,autobahnkreuz-0,680Ki
1560766534,autobahnkreuz-1,652Ki
1560766535,autobahnkreuz-1,652Ki
1560766535,autobahnkreuz-2,636Ki
1560766535,autobahnkreuz-3,716Ki
1560766535,autobahnkreuz-0,680Ki
1560766535,autobahnkreuz-4,660Ki
1560766536,autobahnkreuz-4,660Ki
1560766536,autobahnkreuz-1,652Ki
1560766536,autobahnkreuz-2,636Ki
1560766536,autobahnkreuz-3,716Ki
1560766536,autobahnkreuz-0,680Ki
1560766537,autobahnkreuz-1,652Ki
1560766537,autobahnkreuz-4,660Ki
1560766537,autobahnkreuz-2,636Ki
1560766537,autobahnkreuz-3,716Ki
1560766537,autobahnkreuz-0,680Ki
1560766538,autobahnkreuz-2,636Ki
1560766538,autobahnkreuz-0,680Ki
1560766538,autobahnkreuz-4,660Ki
1560766538,autobahnkreuz-3,716Ki
1560766538,autobahnkreuz-1,652Ki
1560766539,autobahnkreuz-4,660Ki
1560766539,autobahnkreuz-3,716Ki
1560766539,autobahnkreuz-0,680Ki
1560766539,autobahnkreuz-2,636Ki
1560766539,autobahnkreuz-1,652Ki
1560766540,autobahnkreuz-4,660Ki
1560766540,autobahnkreuz-1,652Ki
1560766540,autobahnkreuz-0,680Ki
1560766540,autobahnkreuz-2,636Ki
1560766540,autobahnkreuz-3,716Ki
1560766542,autobahnkreuz-0,680Ki
1560766542,autobahnkreuz-2,636Ki
1560766542,autobahnkreuz-3,716Ki
1560766542,autobahnkreuz-4,660Ki
1560766542,autobahnkreuz-1,652Ki
1560766543,autobahnkreuz-2,636Ki
1560766543,autobahnkreuz-0,680Ki
1560766543,autobahnkreuz-4,660Ki
1560766543,autobahnkreuz-1,652Ki
1560766543,autobahnkreuz-3,716Ki
1560766544,autobahnkreuz-3,716Ki
1560766544,autobahnkreuz-0,680Ki
1560766544,autobahnkreuz-1,652Ki
1560766544,autobahnkreuz-2,636Ki
1560766544,autobahnkreuz-4,660Ki
1560766545,autobahnkreuz-0,680Ki
1560766545,autobahnkreuz-1,652Ki
1560766545,autobahnkreuz-2,636Ki
1560766545,autobahnkreuz-3,716Ki
1560766545,autobahnkreuz-4,660Ki
1560766546,autobahnkreuz-0,680Ki
1560766546,autobahnkreuz-1,652Ki
1560766546,autobahnkreuz-2,636Ki
1560766546,autobahnkreuz-4,660Ki
1560766546,autobahnkreuz-3,716Ki
1560766547,autobahnkreuz-4,660Ki
1560766547,autobahnkreuz-2,636Ki
1560766547,autobahnkreuz-0,680Ki
1560766547,autobahnkreuz-1,652Ki
1560766547,autobahnkreuz-3,716Ki
1560766548,autobahnkreuz-0,680Ki
1560766548,autobahnkreuz-4,660Ki
1560766548,autobahnkreuz-2,636Ki
1560766548,autobahnkreuz-1,652Ki
1560766548,autobahnkreuz-3,716Ki
1560766549,autobahnkreuz-2,636Ki
1560766549,autobahnkreuz-3,716Ki
1560766549,autobahnkreuz-0,680Ki
1560766549,autobahnkreuz-1,652Ki
1560766549,autobahnkreuz-4,660Ki
1560766550,autobahnkreuz-3,716Ki
1560766550,autobahnkreuz-4,660Ki
1560766550,autobahnkreuz-1,652Ki
1560766550,autobahnkreuz-0,680Ki
1560766550,autobahnkreuz-2,636Ki
1560766551,autobahnkreuz-3,716Ki
1560766551,autobahnkreuz-0,680Ki
1560766551,autobahnkreuz-4,660Ki
1560766551,autobahnkreuz-1,652Ki
1560766551,autobahnkreuz-2,636Ki
1560766552,autobahnkreuz-0,680Ki
1560766552,autobahnkreuz-3,716Ki
1560766552,autobahnkreuz-2,636Ki
1560766552,autobahnkreuz-4,660Ki
1560766552,autobahnkreuz-1,652Ki
1560766553,autobahnkreuz-3,716Ki
1560766553,autobahnkreuz-0,680Ki
1560766553,autobahnkreuz-4,660Ki
1560766553,autobahnkreuz-1,652Ki
1560766553,autobahnkreuz-2,636Ki
1560766554,autobahnkreuz-0,680Ki
1560766554,autobahnkreuz-1,652Ki
1560766554,autobahnkreuz-2,636Ki
1560766554,autobahnkreuz-3,716Ki
1560766554,autobahnkreuz-4,660Ki
1560766555,autobahnkreuz-4,660Ki
1560766555,autobahnkreuz-1,652Ki
1560766555,autobahnkreuz-3,716Ki
1560766555,autobahnkreuz-0,680Ki
1560766555,autobahnkreuz-2,636Ki
1560766556,autobahnkreuz-0,680Ki
1560766556,autobahnkreuz-4,660Ki
1560766556,autobahnkreuz-2,636Ki
1560766556,autobahnkreuz-1,652Ki
1560766556,autobahnkreuz-3,716Ki
1560766557,autobahnkreuz-0,680Ki
1560766557,autobahnkreuz-3,716Ki
1560766557,autobahnkreuz-4,660Ki
1560766557,autobahnkreuz-1,652Ki
1560766557,autobahnkreuz-2,636Ki
1560766558,autobahnkreuz-0,680Ki
1560766558,autobahnkreuz-1,652Ki
1560766558,autobahnkreuz-4,660Ki
1560766558,autobahnkreuz-2,636Ki
1560766558,autobahnkreuz-3,716Ki
1560766559,autobahnkreuz-2,636Ki
1560766559,autobahnkreuz-4,660Ki
1560766559,autobahnkreuz-1,652Ki
1560766559,autobahnkreuz-3,716Ki
1560766559,autobahnkreuz-0,680Ki
1560766560,autobahnkreuz-4,660Ki
1560766560,autobahnkreuz-3,716Ki
1560766560,autobahnkreuz-1,652Ki
1560766560,autobahnkreuz-2,636Ki
1560766560,autobahnkreuz-0,680Ki
1560766561,autobahnkreuz-1,652Ki
1560766561,autobahnkreuz-2,636Ki
1560766561,autobahnkreuz-3,716Ki
1560766561,autobahnkreuz-4,660Ki
1560766561,autobahnkreuz-0,680Ki
1560766562,autobahnkreuz-0,680Ki
1560766562,autobahnkreuz-1,652Ki
1560766562,autobahnkreuz-4,660Ki
1560766562,autobahnkreuz-2,636Ki
1560766562,autobahnkreuz-3,716Ki
1560766563,autobahnkreuz-0,680Ki
1560766563,autobahnkreuz-1,652Ki
1560766563,autobahnkreuz-3,716Ki
1560766563,autobahnkreuz-2,636Ki
1560766563,autobahnkreuz-4,660Ki
1560766564,autobahnkreuz-2,636Ki
1560766564,autobahnkreuz-1,652Ki
1560766564,autobahnkreuz-0,680Ki
1560766564,autobahnkreuz-4,660Ki
1560766564,autobahnkreuz-3,716Ki
